Code,Year,Name,Landfall Counts,Max Category Rating,Anomaly
AL021851,1851,UNNAMED,0,0,0.0
AL031851,1851,UNNAMED,0,0,0.0
AL041851,1851,UNNAMED,1,3,0.0
AL051851,1851,UNNAMED,0,0,0.0
AL061851,1851,UNNAMED,1,0,0.0
AL011852,1852,UNNAMED,1,3,0.03
AL021852,1852,UNNAMED,0,1,0.03
AL031852,1852,UNNAMED,1,1,0.03
AL041852,1852,UNNAMED,0,2,0.03
AL051852,1852,UNNAMED,1,2,0.03
AL011853,1853,UNNAMED,0,0,0.01
AL021853,1853,UNNAMED,0,0,0.01
AL031853,1853,UNNAMED,0,4,0.01
AL041853,1853,UNNAMED,0,3,0.01
AL051853,1853,UNNAMED,0,0,0.01
AL061853,1853,UNNAMED,0,1,0.01
AL071853,1853,UNNAMED,0,1,0.01
AL081853,1853,UNNAMED,0,2,0.01
AL011854,1854,UNNAMED,1,1,-0.02
AL021854,1854,UNNAMED,0,3,-0.02
AL031854,1854,UNNAMED,1,3,-0.02
AL041854,1854,UNNAMED,1,2,-0.02
AL051854,1854,UNNAMED,0,2,-0.02
AL011855,1855,UNNAMED,0,2,0.01
AL021855,1855,UNNAMED,0,2,0.01
AL031855,1855,UNNAMED,0,0,0.01
AL041855,1855,UNNAMED,0,1,0.01
AL051855,1855,UNNAMED,1,3,0.01
AL011856,1856,UNNAMED,1,4,-0.1
AL021856,1856,UNNAMED,0,1,-0.1
AL031856,1856,UNNAMED,1,0,-0.1
AL041856,1856,UNNAMED,0,1,-0.1
AL051856,1856,UNNAMED,1,3,-0.1
AL061856,1856,UNNAMED,0,1,-0.1
AL011857,1857,UNNAMED,0,0,-0.15
AL021857,1857,UNNAMED,1,2,-0.15
AL031857,1857,UNNAMED,0,1,-0.15
AL041857,1857,UNNAMED,1,2,-0.15
AL011858,1858,UNNAMED,0,1,-0.1
AL021858,1858,UNNAMED,0,0,-0.1
AL031858,1858,UNNAMED,3,2,-0.1
AL041858,1858,UNNAMED,0,1,-0.1
AL051858,1858,UNNAMED,0,1,-0.1
AL061858,1858,UNNAMED,0,2,-0.1
AL011859,1859,UNNAMED,0,2,0.02
AL021859,1859,UNNAMED,0,2,0.02
AL031859,1859,UNNAMED,0,2,0.02
AL041859,1859,UNNAMED,0,2,0.02
AL051859,1859,UNNAMED,1,1,0.02
AL061859,1859,UNNAMED,0,3,0.02
AL071859,1859,UNNAMED,1,0,0.02
AL081859,1859,UNNAMED,1,1,0.02
AL011860,1860,UNNAMED,1,3,-0.06
AL021860,1860,UNNAMED,0,2,-0.06
AL041860,1860,UNNAMED,1,2,-0.06
AL031860,1860,UNNAMED,0,0,-0.06
AL051860,1860,UNNAMED,0,0,-0.06
AL061860,1860,UNNAMED,1,2,-0.06
AL071860,1860,UNNAMED,0,2,-0.06
AL011861,1861,UNNAMED,0,2,-0.13
AL021861,1861,UNNAMED,0,1,-0.13
AL031861,1861,UNNAMED,0,2,-0.13
AL041861,1861,UNNAMED,0,1,-0.13
AL051861,1861,UNNAMED,1,1,-0.13
AL061861,1861,UNNAMED,1,0,-0.13
AL071861,1861,UNNAMED,0,0,-0.13
AL081861,1861,UNNAMED,3,1,-0.13
AL011862,1862,UNNAMED,0,2,-0.15
AL021862,1862,UNNAMED,0,2,-0.15
AL031862,1862,UNNAMED,0,2,-0.15
AL041862,1862,UNNAMED,0,1,-0.15
AL051862,1862,UNNAMED,0,1,-0.15
AL061862,1862,UNNAMED,0,2,-0.15
AL011863,1863,UNNAMED,0,2,-0.06
AL021863,1863,UNNAMED,0,2,-0.06
AL031863,1863,UNNAMED,0,2,-0.06
AL041863,1863,UNNAMED,0,2,-0.06
AL051863,1863,UNNAMED,0,1,-0.06
AL061863,1863,UNNAMED,1,0,-0.06
AL071863,1863,UNNAMED,0,0,-0.06
AL081863,1863,UNNAMED,0,0,-0.06
AL091863,1863,UNNAMED,1,1,-0.06
AL011864,1864,UNNAMED,0,1,-0.02
AL021864,1864,UNNAMED,0,1,-0.02
AL031864,1864,UNNAMED,0,1,-0.02
AL041864,1864,UNNAMED,0,0,-0.02
AL051864,1864,UNNAMED,0,1,-0.02
AL011865,1865,UNNAMED,1,0,0.05
AL021865,1865,UNNAMED,0,0,0.05
AL031865,1865,UNNAMED,0,2,0.05
AL041865,1865,UNNAMED,2,2,0.05
AL051865,1865,UNNAMED,0,1,0.05
AL061865,1865,UNNAMED,0,0,0.05
AL071865,1865,UNNAMED,2,2,0.05
AL011866,1866,UNNAMED,1,2,0.06
AL021866,1866,UNNAMED,0,2,0.06
AL031866,1866,UNNAMED,0,1,0.06
AL041866,1866,UNNAMED,0,2,0.06
AL051866,1866,UNNAMED,0,2,0.06
AL061866,1866,UNNAMED,0,4,0.06
AL071866,1866,UNNAMED,0,0,0.06
AL011867,1867,UNNAMED,1,1,-0.02
AL021867,1867,UNNAMED,0,2,-0.02
AL031867,1867,UNNAMED,0,1,-0.02
AL041867,1867,UNNAMED,0,1,-0.02
AL051867,1867,UNNAMED,0,1,-0.02
AL061867,1867,UNNAMED,0,2,-0.02
AL071867,1867,UNNAMED,2,2,-0.02
AL081867,1867,UNNAMED,0,0,-0.02
AL091867,1867,UNNAMED,0,3,-0.02
AL011868,1868,UNNAMED,0,2,0.0
AL021868,1868,UNNAMED,1,2,0.0
AL031868,1868,UNNAMED,0,2,0.0
AL041868,1868,UNNAMED,0,2,0.0
AL011869,1869,UNNAMED,0,2,0.01
AL021869,1869,UNNAMED,1,2,0.01
AL031869,1869,UNNAMED,0,1,0.01
AL041869,1869,UNNAMED,0,1,0.01
AL051869,1869,UNNAMED,1,2,0.01
AL061869,1869,UNNAMED,2,3,0.01
AL071869,1869,UNNAMED,0,2,0.01
AL081869,1869,UNNAMED,0,0,0.01
AL091869,1869,UNNAMED,0,2,0.01
AL101869,1869,UNNAMED,4,2,0.01
AL011870,1870,UNNAMED,0,0,-0.01
AL021870,1870,UNNAMED,0,2,-0.01
AL031870,1870,UNNAMED,0,1,-0.01
AL041870,1870,UNNAMED,0,3,-0.01
AL051870,1870,UNNAMED,0,1,-0.01
AL061870,1870,UNNAMED,0,3,-0.01
AL071870,1870,UNNAMED,0,1,-0.01
AL081870,1870,UNNAMED,0,2,-0.01
AL091870,1870,UNNAMED,2,2,-0.01
AL101870,1870,UNNAMED,0,0,-0.01
AL111870,1870,UNNAMED,0,1,-0.01
AL011871,1871,UNNAMED,1,0,0.0
AL021871,1871,UNNAMED,1,1,0.0
AL031871,1871,UNNAMED,2,3,0.0
AL041871,1871,UNNAMED,1,3,0.0
AL051871,1871,UNNAMED,0,2,0.0
AL061871,1871,UNNAMED,1,1,0.0
AL071871,1871,UNNAMED,1,1,0.0
AL081871,1871,UNNAMED,0,1,0.0
AL011872,1872,UNNAMED,2,0,-0.03
AL021872,1872,UNNAMED,0,2,-0.03
AL031872,1872,UNNAMED,0,1,-0.03
AL041872,1872,UNNAMED,0,1,-0.03
AL051872,1872,UNNAMED,2,1,-0.03
AL011873,1873,UNNAMED,1,0,-0.07
AL021873,1873,UNNAMED,0,3,-0.07
AL031873,1873,UNNAMED,1,1,-0.07
AL041873,1873,UNNAMED,1,0,-0.07
AL051873,1873,UNNAMED,1,3,-0.07
AL011874,1874,UNNAMED,1,0,-0.13
AL021874,1874,UNNAMED,0,1,-0.13
AL031874,1874,UNNAMED,0,1,-0.13
AL041874,1874,UNNAMED,0,0,-0.13
AL051874,1874,UNNAMED,0,0,-0.13
AL061874,1874,UNNAMED,2,1,-0.13
AL071874,1874,UNNAMED,0,2,-0.13
AL011875,1875,UNNAMED,0,1,-0.01
AL021875,1875,UNNAMED,0,1,-0.01
AL031875,1875,UNNAMED,1,3,-0.01
AL041875,1875,UNNAMED,1,1,-0.01
AL051875,1875,UNNAMED,0,2,-0.01
AL061875,1875,UNNAMED,0,1,-0.01
AL011876,1876,UNNAMED,0,1,-0.07
AL021876,1876,UNNAMED,1,3,-0.07
AL031876,1876,UNNAMED,0,0,-0.07
AL041876,1876,UNNAMED,0,2,-0.07
AL051876,1876,UNNAMED,1,3,-0.07
AL011877,1877,UNNAMED,0,0,0.24
AL021877,1877,UNNAMED,2,1,0.24
AL031877,1877,UNNAMED,0,1,0.24
AL041877,1877,UNNAMED,1,3,0.24
AL051877,1877,UNNAMED,0,0,0.24
AL061877,1877,UNNAMED,0,0,0.24
AL071877,1877,UNNAMED,1,0,0.24
AL081877,1877,UNNAMED,0,0,0.24
AL011878,1878,UNNAMED,1,0,0.19
AL021878,1878,UNNAMED,0,1,0.19
AL031878,1878,UNNAMED,0,1,0.19
AL041878,1878,UNNAMED,0,2,0.19
AL051878,1878,UNNAMED,4,2,0.19
AL061878,1878,UNNAMED,0,2,0.19
AL071878,1878,UNNAMED,0,4,0.19
AL081878,1878,UNNAMED,1,1,0.19
AL091878,1878,UNNAMED,0,1,0.19
AL101878,1878,UNNAMED,0,3,0.19
AL111878,1878,UNNAMED,1,2,0.19
AL121878,1878,UNNAMED,0,0,0.19
AL011879,1879,UNNAMED,0,1,0.04
AL021879,1879,UNNAMED,2,3,0.04
AL031879,1879,UNNAMED,1,2,0.04
AL041879,1879,UNNAMED,1,3,0.04
AL051879,1879,UNNAMED,1,0,0.04
AL061879,1879,UNNAMED,1,0,0.04
AL071879,1879,UNNAMED,1,1,0.04
AL081879,1879,UNNAMED,0,2,0.04
AL011880,1880,UNNAMED,1,0,-0.02
AL021880,1880,UNNAMED,1,4,-0.02
AL031880,1880,UNNAMED,0,1,-0.02
AL041880,1880,UNNAMED,2,2,-0.02
AL051880,1880,UNNAMED,0,1,-0.02
AL061880,1880,UNNAMED,2,1,-0.02
AL071880,1880,UNNAMED,0,1,-0.02
AL081880,1880,UNNAMED,0,4,-0.02
AL091880,1880,UNNAMED,1,1,-0.02
AL101880,1880,UNNAMED,0,1,-0.02
AL111880,1880,UNNAMED,2,0,-0.02
AL011881,1881,UNNAMED,1,1,0.04
AL031881,1881,UNNAMED,0,1,0.04
AL021881,1881,UNNAMED,1,0,0.04
AL041881,1881,UNNAMED,0,1,0.04
AL051881,1881,UNNAMED,1,2,0.04
AL061881,1881,UNNAMED,1,2,0.04
AL071881,1881,UNNAMED,0,1,0.04
AL011882,1882,UNNAMED,0,1,0.03
AL021882,1882,UNNAMED,1,3,0.03
AL031882,1882,UNNAMED,1,0,0.03
AL041882,1882,UNNAMED,2,0,0.03
AL051882,1882,UNNAMED,0,1,0.03
AL061882,1882,UNNAMED,1,4,0.03
AL011883,1883,UNNAMED,0,1,-0.04
AL021883,1883,UNNAMED,0,3,-0.04
AL031883,1883,UNNAMED,1,3,-0.04
AL041883,1883,UNNAMED,0,1,-0.04
AL011884,1884,UNNAMED,0,1,-0.12
AL021884,1884,UNNAMED,0,3,-0.12
AL031884,1884,UNNAMED,1,1,-0.12
AL041884,1884,UNNAMED,0,2,-0.12
AL011885,1885,UNNAMED,0,1,-0.17
AL021885,1885,UNNAMED,1,2,-0.17
AL031885,1885,UNNAMED,1,0,-0.17
AL041885,1885,UNNAMED,2,1,-0.17
AL051885,1885,UNNAMED,0,1,-0.17
AL061885,1885,UNNAMED,1,1,-0.17
AL071885,1885,UNNAMED,0,1,-0.17
AL081885,1885,UNNAMED,1,0,-0.17
AL011886,1886,UNNAMED,1,2,-0.16
AL021886,1886,UNNAMED,1,2,-0.16
AL031886,1886,UNNAMED,1,2,-0.16
AL041886,1886,UNNAMED,1,1,-0.16
AL051886,1886,UNNAMED,1,4,-0.16
AL061886,1886,UNNAMED,0,3,-0.16
AL071886,1886,UNNAMED,0,3,-0.16
AL081886,1886,UNNAMED,0,2,-0.16
AL091886,1886,UNNAMED,0,2,-0.16
AL101886,1886,UNNAMED,1,3,-0.16
AL111886,1886,UNNAMED,0,0,-0.16
AL121886,1886,UNNAMED,0,0,-0.16
AL011887,1887,UNNAMED,0,0,-0.2
AL021887,1887,UNNAMED,0,0,-0.2
AL031887,1887,UNNAMED,1,0,-0.2
AL041887,1887,UNNAMED,1,2,-0.2
AL051887,1887,UNNAMED,0,0,-0.2
AL061887,1887,UNNAMED,0,3,-0.2
AL071887,1887,UNNAMED,0,3,-0.2
AL081887,1887,UNNAMED,0,2,-0.2
AL091887,1887,UNNAMED,1,2,-0.2
AL101887,1887,UNNAMED,0,1,-0.2
AL111887,1887,UNNAMED,0,0,-0.2
AL121887,1887,UNNAMED,0,0,-0.2
AL131887,1887,UNNAMED,1,1,-0.2
AL141887,1887,UNNAMED,0,1,-0.2
AL151887,1887,UNNAMED,0,2,-0.2
AL161887,1887,UNNAMED,1,1,-0.2
AL171887,1887,UNNAMED,0,1,-0.2
AL181887,1887,UNNAMED,0,1,-0.2
AL191887,1887,UNNAMED,0,0,-0.2
AL011888,1888,UNNAMED,1,1,-0.01
AL021888,1888,UNNAMED,1,0,-0.01
AL031888,1888,UNNAMED,2,3,-0.01
AL041888,1888,UNNAMED,0,3,-0.01
AL051888,1888,UNNAMED,1,0,-0.01
AL061888,1888,UNNAMED,1,1,-0.01
AL071888,1888,UNNAMED,2,2,-0.01
AL081888,1888,UNNAMED,0,0,-0.01
AL091888,1888,UNNAMED,0,2,-0.01
AL011889,1889,UNNAMED,0,1,0.0
AL021889,1889,UNNAMED,1,1,0.0
AL031889,1889,UNNAMED,0,1,0.0
AL041889,1889,UNNAMED,0,2,0.0
AL051889,1889,UNNAMED,0,1,0.0
AL061889,1889,UNNAMED,2,2,0.0
AL071889,1889,UNNAMED,0,0,0.0
AL081889,1889,UNNAMED,0,0,0.0
AL091889,1889,UNNAMED,2,0,0.0
AL011890,1890,UNNAMED,0,0,-0.24
AL021890,1890,UNNAMED,1,2,-0.24
AL031890,1890,UNNAMED,0,3,-0.24
AL041890,1890,UNNAMED,0,1,-0.24
AL011891,1891,UNNAMED,1,1,-0.09
AL021891,1891,UNNAMED,0,2,-0.09
AL031891,1891,UNNAMED,1,3,-0.09
AL041891,1891,UNNAMED,0,2,-0.09
AL051891,1891,UNNAMED,0,2,-0.09
AL061891,1891,UNNAMED,0,2,-0.09
AL071891,1891,UNNAMED,1,0,-0.09
AL081891,1891,UNNAMED,0,0,-0.09
AL091891,1891,UNNAMED,0,1,-0.09
AL101891,1891,UNNAMED,0,0,-0.09
AL011892,1892,UNNAMED,1,0,-0.13
AL021892,1892,UNNAMED,0,1,-0.13
AL031892,1892,UNNAMED,0,2,-0.13
AL041892,1892,UNNAMED,1,0,-0.13
AL051892,1892,UNNAMED,0,2,-0.13
AL061892,1892,UNNAMED,0,0,-0.13
AL071892,1892,UNNAMED,0,2,-0.13
AL081892,1892,UNNAMED,0,1,-0.13
AL091892,1892,UNNAMED,1,0,-0.13
AL011893,1893,UNNAMED,1,1,-0.19
AL021893,1893,UNNAMED,0,2,-0.19
AL031893,1893,UNNAMED,0,3,-0.19
AL041893,1893,UNNAMED,1,3,-0.19
AL051893,1893,UNNAMED,0,2,-0.19
AL061893,1893,UNNAMED,1,3,-0.19
AL071893,1893,UNNAMED,0,2,-0.19
AL081893,1893,UNNAMED,1,2,-0.19
AL091893,1893,UNNAMED,1,3,-0.19
AL101893,1893,UNNAMED,2,4,-0.19
AL111893,1893,UNNAMED,2,0,-0.19
AL121893,1893,UNNAMED,0,0,-0.19
AL011894,1894,UNNAMED,0,0,-0.21
AL021894,1894,UNNAMED,1,0,-0.21
AL031894,1894,UNNAMED,0,3,-0.21
AL041894,1894,UNNAMED,4,3,-0.21
AL051894,1894,UNNAMED,2,3,-0.21
AL061894,1894,UNNAMED,0,4,-0.21
AL071894,1894,UNNAMED,0,2,-0.21
AL011895,1895,UNNAMED,2,0,-0.1
AL021895,1895,UNNAMED,0,2,-0.1
AL031895,1895,UNNAMED,0,0,-0.1
AL041895,1895,UNNAMED,1,0,-0.1
AL051895,1895,UNNAMED,0,2,-0.1
AL061895,1895,UNNAMED,1,0,-0.1
AL011896,1896,UNNAMED,1,2,0.03
AL021896,1896,UNNAMED,1,3,0.03
AL031896,1896,UNNAMED,0,2,0.03
AL041896,1896,UNNAMED,1,3,0.03
AL051896,1896,UNNAMED,1,2,0.03
AL061896,1896,UNNAMED,0,2,0.03
AL071896,1896,UNNAMED,0,0,0.03
AL011897,1897,UNNAMED,0,2,-0.01
AL021897,1897,UNNAMED,2,1,-0.01
AL031897,1897,UNNAMED,4,0,-0.01
AL041897,1897,UNNAMED,0,0,-0.01
AL051897,1897,UNNAMED,1,1,-0.01
AL061897,1897,UNNAMED,1,0,-0.01
AL011898,1898,UNNAMED,1,1,-0.17
AL021898,1898,UNNAMED,1,1,-0.17
AL031898,1898,UNNAMED,0,1,-0.17
AL041898,1898,UNNAMED,0,2,-0.17
AL051898,1898,UNNAMED,1,0,-0.17
AL061898,1898,UNNAMED,1,0,-0.17
AL071898,1898,UNNAMED,1,4,-0.17
AL081898,1898,UNNAMED,0,0,-0.17
AL091898,1898,UNNAMED,0,0,-0.17
AL101898,1898,UNNAMED,0,0,-0.17
AL111898,1898,UNNAMED,0,0,-0.17
AL011899,1899,UNNAMED,1,1,-0.1
AL021899,1899,UNNAMED,2,2,-0.1
AL031899,1899,UNNAMED,1,4,-0.1
AL041899,1899,UNNAMED,0,2,-0.1
AL051899,1899,UNNAMED,0,3,-0.1
AL061899,1899,UNNAMED,1,0,-0.1
AL071899,1899,UNNAMED,0,0,-0.1
AL081899,1899,UNNAMED,0,0,-0.1
AL091899,1899,UNNAMED,1,2,-0.1
AL101899,1899,UNNAMED,0,0,-0.1
AL011900,1900,UNNAMED,1,4,-0.02
AL021900,1900,UNNAMED,0,3,-0.02
AL031900,1900,UNNAMED,0,2,-0.02
AL041900,1900,UNNAMED,2,0,-0.02
AL051900,1900,UNNAMED,0,0,-0.02
AL061900,1900,UNNAMED,1,0,-0.02
AL071900,1900,UNNAMED,0,0,-0.02
AL011901,1901,UNNAMED,1,0,-0.12
AL021901,1901,UNNAMED,1,0,-0.12
AL031901,1901,UNNAMED,2,1,-0.12
AL041901,1901,UNNAMED,3,1,-0.12
AL051901,1901,UNNAMED,0,0,-0.12
AL061901,1901,UNNAMED,0,1,-0.12
AL071901,1901,UNNAMED,0,2,-0.12
AL081901,1901,UNNAMED,1,1,-0.12
AL091901,1901,UNNAMED,0,0,-0.12
AL101901,1901,UNNAMED,1,0,-0.12
AL111901,1901,UNNAMED,0,0,-0.12
AL121901,1901,UNNAMED,0,0,-0.12
AL131901,1901,UNNAMED,0,1,-0.12
AL011902,1902,UNNAMED,1,0,-0.19
AL021902,1902,UNNAMED,1,1,-0.19
AL031902,1902,UNNAMED,0,2,-0.19
AL041902,1902,UNNAMED,1,2,-0.19
AL051902,1902,UNNAMED,0,0,-0.19
AL011903,1903,UNNAMED,0,1,-0.33
AL021903,1903,UNNAMED,0,3,-0.33
AL031903,1903,UNNAMED,2,1,-0.33
AL041903,1903,UNNAMED,1,2,-0.33
AL051903,1903,UNNAMED,0,0,-0.33
AL061903,1903,UNNAMED,0,2,-0.33
AL071903,1903,UNNAMED,0,2,-0.33
AL081903,1903,UNNAMED,0,0,-0.33
AL091903,1903,UNNAMED,0,0,-0.33
AL101903,1903,UNNAMED,0,1,-0.33
AL011904,1904,UNNAMED,0,1,-0.43
AL021904,1904,UNNAMED,1,1,-0.43
AL031904,1904,UNNAMED,0,1,-0.43
AL041904,1904,UNNAMED,2,1,-0.43
AL051904,1904,UNNAMED,0,0,-0.43
AL061904,1904,UNNAMED,1,0,-0.43
AL011905,1905,UNNAMED,0,0,-0.22
AL021905,1905,UNNAMED,0,0,-0.22
AL031905,1905,UNNAMED,1,0,-0.22
AL041905,1905,UNNAMED,0,3,-0.22
AL051905,1905,UNNAMED,1,0,-0.22
AL011906,1906,UNNAMED,1,0,-0.19
AL021906,1906,UNNAMED,2,2,-0.19
AL031906,1906,UNNAMED,0,0,-0.19
AL041906,1906,UNNAMED,0,4,-0.19
AL051906,1906,UNNAMED,1,1,-0.19
AL061906,1906,UNNAMED,1,3,-0.19
AL071906,1906,UNNAMED,0,0,-0.19
AL081906,1906,UNNAMED,3,3,-0.19
AL091906,1906,UNNAMED,0,0,-0.19
AL101906,1906,UNNAMED,0,0,-0.19
AL111906,1906,UNNAMED,0,1,-0.19
AL011907,1907,UNNAMED,1,0,-0.27
AL021907,1907,UNNAMED,1,0,-0.27
AL031907,1907,UNNAMED,1,0,-0.27
AL041907,1907,UNNAMED,0,0,-0.27
AL051907,1907,UNNAMED,0,0,-0.27
AL011908,1908,UNNAMED,0,2,-0.4
AL021908,1908,UNNAMED,2,1,-0.4
AL031908,1908,UNNAMED,1,1,-0.4
AL041908,1908,UNNAMED,1,0,-0.4
AL051908,1908,UNNAMED,1,0,-0.4
AL061908,1908,UNNAMED,0,3,-0.4
AL071908,1908,UNNAMED,0,0,-0.4
AL081908,1908,UNNAMED,0,2,-0.4
AL091908,1908,UNNAMED,0,2,-0.4
AL101908,1908,UNNAMED,0,0,-0.4
AL011909,1909,UNNAMED,0,0,-0.44
AL021909,1909,UNNAMED,1,2,-0.44
AL031909,1909,UNNAMED,2,0,-0.44
AL041909,1909,UNNAMED,1,3,-0.44
AL051909,1909,UNNAMED,0,0,-0.44
AL061909,1909,UNNAMED,0,3,-0.44
AL071909,1909,UNNAMED,0,0,-0.44
AL081909,1909,UNNAMED,1,0,-0.44
AL091909,1909,UNNAMED,1,3,-0.44
AL101909,1909,UNNAMED,0,0,-0.44
AL111909,1909,UNNAMED,1,3,-0.44
AL121909,1909,UNNAMED,0,2,-0.44
AL011910,1910,UNNAMED,0,0,-0.41
AL021910,1910,UNNAMED,0,0,-0.41
AL031910,1910,UNNAMED,1,2,-0.41
AL041910,1910,UNNAMED,0,2,-0.41
AL051910,1910,UNNAMED,1,4,-0.41
AL011911,1911,UNNAMED,0,0,-0.4
AL021911,1911,UNNAMED,1,1,-0.4
AL031911,1911,UNNAMED,1,2,-0.4
AL041911,1911,UNNAMED,0,2,-0.4
AL051911,1911,UNNAMED,0,0,-0.4
AL061911,1911,UNNAMED,0,0,-0.4
AL011912,1912,UNNAMED,1,0,-0.25
AL021912,1912,UNNAMED,1,0,-0.25
AL031912,1912,UNNAMED,0,0,-0.25
AL041912,1912,UNNAMED,1,1,-0.25
AL051912,1912,UNNAMED,0,1,-0.25
AL061912,1912,UNNAMED,1,2,-0.25
AL071912,1912,UNNAMED,0,3,-0.25
AL011913,1913,UNNAMED,1,1,-0.3
AL021913,1913,UNNAMED,0,0,-0.3
AL031913,1913,UNNAMED,0,0,-0.3
AL041913,1913,UNNAMED,1,1,-0.3
AL051913,1913,UNNAMED,1,1,-0.3
AL061913,1913,UNNAMED,0,1,-0.3
AL011914,1914,UNNAMED,1,0,-0.15
AL011915,1915,UNNAMED,1,1,-0.08
AL021915,1915,UNNAMED,1,4,-0.08
AL031915,1915,UNNAMED,0,3,-0.08
AL041915,1915,UNNAMED,1,2,-0.08
AL051915,1915,UNNAMED,0,0,-0.08
AL061915,1915,UNNAMED,1,4,-0.08
AL011916,1916,UNNAMED,1,0,-0.26
AL021916,1916,UNNAMED,1,3,-0.26
AL031916,1916,UNNAMED,1,2,-0.26
AL041916,1916,UNNAMED,1,3,-0.26
AL051916,1916,UNNAMED,0,0,-0.26
AL061916,1916,UNNAMED,1,4,-0.26
AL071916,1916,UNNAMED,1,2,-0.26
AL081916,1916,UNNAMED,0,1,-0.26
AL091916,1916,UNNAMED,1,0,-0.26
AL101916,1916,UNNAMED,0,1,-0.26
AL111916,1916,UNNAMED,0,3,-0.26
AL121916,1916,UNNAMED,1,0,-0.26
AL131916,1916,UNNAMED,0,3,-0.26
AL141916,1916,UNNAMED,1,2,-0.26
AL151916,1916,UNNAMED,0,0,-0.26
AL011917,1917,UNNAMED,0,0,-0.32
AL021917,1917,UNNAMED,0,0,-0.32
AL031917,1917,UNNAMED,0,3,-0.32
AL041917,1917,UNNAMED,1,4,-0.32
AL011918,1918,UNNAMED,1,3,-0.17
AL021918,1918,UNNAMED,0,2,-0.17
AL031918,1918,UNNAMED,1,1,-0.17
AL041918,1918,UNNAMED,0,0,-0.17
AL051918,1918,UNNAMED,0,2,-0.17
AL061918,1918,UNNAMED,0,0,-0.17
AL011919,1919,UNNAMED,1,0,-0.2
AL031919,1919,UNNAMED,0,2,-0.2
AL021919,1919,UNNAMED,2,4,-0.2
AL041919,1919,UNNAMED,1,0,-0.2
AL051919,1919,UNNAMED,0,0,-0.2
AL011920,1920,UNNAMED,0,2,-0.21
AL021920,1920,UNNAMED,1,2,-0.21
AL031920,1920,UNNAMED,1,1,-0.21
AL041920,1920,UNNAMED,0,0,-0.21
AL051920,1920,UNNAMED,1,1,-0.21
AL011921,1921,UNNAMED,1,1,-0.19
AL021921,1921,UNNAMED,0,1,-0.19
AL031921,1921,UNNAMED,0,3,-0.19
AL041921,1921,UNNAMED,0,1,-0.19
AL051921,1921,UNNAMED,0,1,-0.19
AL061921,1921,UNNAMED,1,4,-0.19
AL071921,1921,UNNAMED,0,0,-0.19
AL011922,1922,UNNAMED,0,0,-0.24
AL021922,1922,UNNAMED,0,3,-0.24
AL031922,1922,UNNAMED,0,1,-0.24
AL041922,1922,UNNAMED,0,2,-0.24
AL051922,1922,UNNAMED,0,0,-0.24
AL011923,1923,UNNAMED,1,0,-0.24
AL021923,1923,UNNAMED,0,2,-0.24
AL031923,1923,UNNAMED,0,0,-0.24
AL041923,1923,UNNAMED,0,1,-0.24
AL051923,1923,UNNAMED,0,3,-0.24
AL061923,1923,UNNAMED,1,1,-0.24
AL071923,1923,UNNAMED,1,0,-0.24
AL081923,1923,UNNAMED,1,0,-0.24
AL091923,1923,UNNAMED,0,0,-0.24
AL011924,1924,UNNAMED,0,0,-0.24
AL021924,1924,UNNAMED,0,0,-0.24
AL031924,1924,UNNAMED,0,3,-0.24
AL041924,1924,UNNAMED,0,2,-0.24
AL051924,1924,UNNAMED,1,1,-0.24
AL061924,1924,UNNAMED,0,0,-0.24
AL071924,1924,UNNAMED,0,0,-0.24
AL081924,1924,UNNAMED,1,1,-0.24
AL091924,1924,UNNAMED,0,0,-0.24
AL101924,1924,UNNAMED,1,5,-0.24
AL111924,1924,UNNAMED,0,1,-0.24
AL011925,1925,UNNAMED,0,1,-0.21
AL021925,1925,UNNAMED,0,0,-0.21
AL031925,1925,UNNAMED,0,0,-0.21
AL041925,1925,UNNAMED,1,1,-0.21
AL011926,1926,UNNAMED,1,4,-0.11
AL021926,1926,UNNAMED,0,3,-0.11
AL031926,1926,UNNAMED,1,3,-0.11
AL041926,1926,UNNAMED,0,4,-0.11
AL051926,1926,UNNAMED,0,2,-0.11
AL061926,1926,UNNAMED,0,0,-0.11
AL071926,1926,UNNAMED,2,4,-0.11
AL081926,1926,UNNAMED,0,2,-0.11
AL091926,1926,UNNAMED,0,0,-0.11
AL101926,1926,UNNAMED,0,4,-0.11
AL111926,1926,UNNAMED,0,0,-0.11
AL011927,1927,UNNAMED,0,3,-0.17
AL021927,1927,UNNAMED,0,1,-0.17
AL031927,1927,UNNAMED,0,1,-0.17
AL041927,1927,UNNAMED,0,2,-0.17
AL051927,1927,UNNAMED,1,0,-0.17
AL061927,1927,UNNAMED,0,0,-0.17
AL071927,1927,UNNAMED,0,0,-0.17
AL081927,1927,UNNAMED,0,0,-0.17
AL011928,1928,UNNAMED,2,2,-0.21
AL021928,1928,UNNAMED,2,1,-0.21
AL031928,1928,UNNAMED,0,0,-0.21
AL041928,1928,UNNAMED,2,5,-0.21
AL051928,1928,UNNAMED,0,0,-0.21
AL061928,1928,UNNAMED,0,1,-0.21
AL011929,1929,UNNAMED,1,1,-0.27
AL021929,1929,UNNAMED,2,4,-0.27
AL031929,1929,UNNAMED,0,0,-0.27
AL041929,1929,UNNAMED,0,0,-0.27
AL051929,1929,UNNAMED,0,1,-0.27
AL011930,1930,UNNAMED,0,3,-0.14
AL021930,1930,UNNAMED,1,4,-0.14
AL031930,1930,UNNAMED,0,0,-0.14
AL011931,1931,UNNAMED,1,0,-0.1
AL021931,1931,UNNAMED,1,0,-0.1
AL031931,1931,UNNAMED,0,0,-0.1
AL041931,1931,UNNAMED,0,0,-0.1
AL051931,1931,UNNAMED,0,0,-0.1
AL061931,1931,UNNAMED,0,4,-0.1
AL071931,1931,UNNAMED,0,2,-0.1
AL081931,1931,UNNAMED,0,1,-0.1
AL091931,1931,UNNAMED,0,0,-0.1
AL101931,1931,UNNAMED,0,0,-0.1
AL111931,1931,UNNAMED,0,0,-0.1
AL121931,1931,UNNAMED,0,0,-0.1
AL131931,1931,UNNAMED,0,0,-0.1
AL011932,1932,UNNAMED,0,0,-0.18
AL021932,1932,UNNAMED,1,4,-0.18
AL031932,1932,UNNAMED,2,1,-0.18
AL041932,1932,UNNAMED,0,5,-0.18
AL051932,1932,UNNAMED,0,0,-0.18
AL061932,1932,UNNAMED,1,1,-0.18
AL071932,1932,UNNAMED,0,0,-0.18
AL081932,1932,UNNAMED,1,0,-0.18
AL091932,1932,UNNAMED,0,4,-0.18
AL101932,1932,UNNAMED,0,0,-0.18
AL111932,1932,UNNAMED,0,0,-0.18
AL121932,1932,UNNAMED,0,0,-0.18
AL131932,1932,UNNAMED,0,0,-0.18
AL141932,1932,UNNAMED,0,5,-0.18
AL151932,1932,UNNAMED,0,2,-0.18
AL011933,1933,UNNAMED,0,0,-0.23
AL021933,1933,UNNAMED,0,2,-0.23
AL031933,1933,UNNAMED,1,0,-0.23
AL041933,1933,UNNAMED,0,0,-0.23
AL051933,1933,UNNAMED,1,1,-0.23
AL061933,1933,UNNAMED,2,4,-0.23
AL071933,1933,UNNAMED,0,0,-0.23
AL081933,1933,UNNAMED,1,5,-0.23
AL091933,1933,UNNAMED,0,0,-0.23
AL101933,1933,UNNAMED,0,0,-0.23
AL111933,1933,UNNAMED,2,4,-0.23
AL121933,1933,UNNAMED,0,4,-0.23
AL131933,1933,UNNAMED,0,2,-0.23
AL141933,1933,UNNAMED,0,5,-0.23
AL151933,1933,UNNAMED,0,1,-0.23
AL161933,1933,UNNAMED,0,0,-0.23
AL171933,1933,UNNAMED,0,3,-0.23
AL181933,1933,UNNAMED,0,1,-0.23
AL191933,1933,UNNAMED,0,1,-0.23
AL201933,1933,UNNAMED,0,0,-0.23
AL011934,1934,UNNAMED,1,2,-0.17
AL021934,1934,UNNAMED,0,1,-0.17
AL031934,1934,UNNAMED,1,1,-0.17
AL041934,1934,UNNAMED,0,0,-0.17
AL051934,1934,UNNAMED,0,1,-0.17
AL061934,1934,UNNAMED,1,0,-0.17
AL071934,1934,UNNAMED,2,2,-0.17
AL081934,1934,UNNAMED,0,0,-0.17
AL091934,1934,UNNAMED,0,0,-0.17
AL101934,1934,UNNAMED,0,2,-0.17
AL111934,1934,UNNAMED,1,0,-0.17
AL121934,1934,UNNAMED,0,0,-0.17
AL131934,1934,UNNAMED,0,3,-0.17
AL011935,1935,UNNAMED,0,0,-0.17
AL021935,1935,UNNAMED,0,4,-0.17
AL031935,1935,UNNAMED,2,5,-0.17
AL041935,1935,UNNAMED,0,0,-0.17
AL051935,1935,UNNAMED,0,4,-0.17
AL061935,1935,UNNAMED,0,1,-0.17
AL071935,1935,UNNAMED,1,2,-0.17
AL081935,1935,UNNAMED,0,0,-0.17
AL011936,1936,UNNAMED,1,0,-0.13
AL021936,1936,UNNAMED,0,0,-0.13
AL031936,1936,UNNAMED,1,1,-0.13
AL041936,1936,UNNAMED,1,0,-0.13
AL051936,1936,UNNAMED,2,2,-0.13
AL061936,1936,UNNAMED,0,0,-0.13
AL071936,1936,UNNAMED,0,0,-0.13
AL081936,1936,UNNAMED,0,1,-0.13
AL091936,1936,UNNAMED,1,0,-0.13
AL101936,1936,UNNAMED,0,2,-0.13
AL111936,1936,UNNAMED,0,1,-0.13
AL121936,1936,UNNAMED,0,0,-0.13
AL131936,1936,UNNAMED,0,3,-0.13
AL141936,1936,UNNAMED,0,0,-0.13
AL151936,1936,UNNAMED,0,2,-0.13
AL161936,1936,UNNAMED,0,0,-0.13
AL171936,1936,UNNAMED,0,0,-0.13
AL011937,1937,UNNAMED,1,0,-0.03
AL021937,1937,UNNAMED,0,0,-0.03
AL031937,1937,UNNAMED,1,0,-0.03
AL041937,1937,UNNAMED,0,2,-0.03
AL051937,1937,UNNAMED,0,0,-0.03
AL061937,1937,UNNAMED,0,3,-0.03
AL071937,1937,UNNAMED,2,1,-0.03
AL081937,1937,UNNAMED,0,2,-0.03
AL091937,1937,UNNAMED,0,1,-0.03
AL101937,1937,UNNAMED,2,0,-0.03
AL111937,1937,UNNAMED,0,1,-0.03
AL011938,1938,UNNAMED,0,1,-0.11
AL021938,1938,UNNAMED,0,0,-0.11
AL031938,1938,UNNAMED,1,2,-0.11
AL041938,1938,UNNAMED,0,3,-0.11
AL051938,1938,UNNAMED,0,0,-0.11
AL061938,1938,UNNAMED,2,5,-0.11
AL071938,1938,UNNAMED,1,0,-0.11
AL081938,1938,UNNAMED,0,0,-0.11
AL091938,1938,UNNAMED,0,0,-0.11
AL011939,1939,UNNAMED,1,0,-0.04
AL021939,1939,UNNAMED,2,1,-0.04
AL031939,1939,UNNAMED,0,0,-0.04
AL041939,1939,UNNAMED,1,0,-0.04
AL051939,1939,UNNAMED,0,4,-0.04
AL061939,1939,UNNAMED,0,1,-0.04
AL011940,1940,UNNAMED,0,0,0.16
AL021940,1940,UNNAMED,1,2,0.16
AL031940,1940,UNNAMED,1,2,0.16
AL041940,1940,UNNAMED,0,2,0.16
AL051940,1940,UNNAMED,0,2,0.16
AL061940,1940,UNNAMED,1,0,0.16
AL071940,1940,UNNAMED,0,2,0.16
AL081940,1940,UNNAMED,0,1,0.16
AL091940,1940,UNNAMED,0,1,0.16
AL011941,1941,UNNAMED,0,0,0.28
AL021941,1941,UNNAMED,1,3,0.28
AL031941,1941,UNNAMED,0,1,0.28
AL041941,1941,UNNAMED,0,4,0.28
AL051941,1941,UNNAMED,3,3,0.28
AL061941,1941,UNNAMED,1,0,0.28
AL011942,1942,UNNAMED,0,0,0.1
AL021942,1942,UNNAMED,1,1,0.1
AL031942,1942,UNNAMED,1,3,0.1
AL041942,1942,UNNAMED,0,2,0.1
AL051942,1942,UNNAMED,0,0,0.1
AL061942,1942,UNNAMED,0,0,0.1
AL071942,1942,UNNAMED,0,0,0.1
AL081942,1942,UNNAMED,0,0,0.1
AL091942,1942,UNNAMED,0,0,0.1
AL101942,1942,UNNAMED,0,0,0.1
AL111942,1942,UNNAMED,0,2,0.1
AL011943,1943,UNNAMED,1,2,0.08
AL021943,1943,UNNAMED,0,0,0.08
AL031943,1943,UNNAMED,0,4,0.08
AL041943,1943,UNNAMED,0,3,0.08
AL051943,1943,UNNAMED,0,0,0.08
AL061943,1943,UNNAMED,0,2,0.08
AL071943,1943,UNNAMED,1,0,0.08
AL081943,1943,UNNAMED,0,0,0.08
AL091943,1943,UNNAMED,0,2,0.08
AL101943,1943,UNNAMED,0,0,0.08
AL011944,1944,UNNAMED,0,1,0.23
AL021944,1944,UNNAMED,0,0,0.23
AL031944,1944,UNNAMED,1,1,0.23
AL041944,1944,UNNAMED,0,3,0.23
AL051944,1944,UNNAMED,0,0,0.23
AL061944,1944,UNNAMED,2,0,0.23
AL071944,1944,UNNAMED,2,5,0.23
AL081944,1944,UNNAMED,0,1,0.23
AL091944,1944,UNNAMED,0,2,0.23
AL101944,1944,UNNAMED,0,0,0.23
AL111944,1944,UNNAMED,0,0,0.23
AL121944,1944,UNNAMED,0,1,0.23
AL131944,1944,UNNAMED,2,4,0.23
AL141944,1944,UNNAMED,0,0,0.23
AL011945,1945,UNNAMED,2,2,0.21
AL021945,1945,UNNAMED,0,0,0.21
AL031945,1945,UNNAMED,0,0,0.21
AL041945,1945,UNNAMED,0,0,0.21
AL051945,1945,UNNAMED,1,3,0.21
AL061945,1945,UNNAMED,0,0,0.21
AL071945,1945,UNNAMED,1,0,0.21
AL081945,1945,UNNAMED,0,1,0.21
AL091945,1945,UNNAMED,3,4,0.21
AL101945,1945,UNNAMED,0,1,0.21
AL111945,1945,UNNAMED,0,2,0.21
AL011946,1946,UNNAMED,0,0,-0.05
AL021946,1946,UNNAMED,1,1,-0.05
AL031946,1946,UNNAMED,1,0,-0.05
AL041946,1946,UNNAMED,2,2,-0.05
AL051946,1946,UNNAMED,0,1,-0.05
AL061946,1946,UNNAMED,2,2,-0.05
AL071946,1946,UNNAMED,3,0,-0.05
AL011947,1947,UNNAMED,1,0,-0.06
AL021947,1947,UNNAMED,2,2,-0.06
AL031947,1947,UNNAMED,2,1,-0.06
AL041947,1947,UNNAMED,3,4,-0.06
AL051947,1947,UNNAMED,1,0,-0.06
AL061947,1947,UNNAMED,3,0,-0.06
AL071947,1947,UNNAMED,1,0,-0.06
AL081947,1947,UNNAMED,0,0,-0.06
AL091947,1947,UNNAMED,3,2,-0.06
AL101947,1947,UNNAMED,0,3,-0.06
AL011948,1948,UNNAMED,0,0,-0.11
AL021948,1948,UNNAMED,1,0,-0.11
AL031948,1948,UNNAMED,0,3,-0.11
AL041948,1948,UNNAMED,1,0,-0.11
AL051948,1948,UNNAMED,1,1,-0.11
AL061948,1948,UNNAMED,0,4,-0.11
AL071948,1948,UNNAMED,0,0,-0.11
AL081948,1948,UNNAMED,4,4,-0.11
AL091948,1948,UNNAMED,4,3,-0.11
AL101948,1948,UNNAMED,0,1,-0.11
AL011949,1949,UNNAMED,0,2,-0.07
AL021949,1949,UNNAMED,1,4,-0.07
AL031949,1949,UNNAMED,1,0,-0.07
AL041949,1949,UNNAMED,0,3,-0.07
AL051949,1949,UNNAMED,1,0,-0.07
AL061949,1949,UNNAMED,0,1,-0.07
AL071949,1949,UNNAMED,1,0,-0.07
AL081949,1949,UNNAMED,0,0,-0.07
AL091949,1949,UNNAMED,1,1,-0.07
AL101949,1949,UNNAMED,1,1,-0.07
AL111949,1949,UNNAMED,1,2,-0.07
AL121949,1949,UNNAMED,0,0,-0.07
AL131949,1949,UNNAMED,0,1,-0.07
AL141949,1949,UNNAMED,0,0,-0.07
AL151949,1949,UNNAMED,0,0,-0.07
AL161949,1949,UNNAMED,1,0,-0.07
AL011950,1950,ABLE,1,3,-0.09
AL021950,1950,BAKER,3,2,-0.09
AL031950,1950,CHARLIE,0,2,-0.09
AL041950,1950,DOG,0,4,-0.09
AL051950,1950,EASY,4,3,-0.09
AL061950,1950,FOX,0,4,-0.09
AL071950,1950,GEORGE,0,2,-0.09
AL081950,1950,HOW,0,0,-0.09
AL091950,1950,ITEM,1,2,-0.09
AL101950,1950,JIG,0,3,-0.09
AL111950,1950,KING,2,4,-0.09
AL121950,1950,UNNAMED,0,0,-0.09
AL131950,1950,LOVE,1,1,-0.09
AL141950,1950,MIKE,0,0,-0.09
AL151950,1950,UNNAMED,0,0,-0.09
AL161950,1950,UNNAMED,0,0,-0.09
AL011951,1951,UNNAMED,0,0,0.0
AL021951,1951,ABLE,1,1,0.0
AL031951,1951,BAKER,0,0,0.0
AL041951,1951,CHARLIE,4,4,0.0
AL051951,1951,DOG,0,1,0.0
AL061951,1951,EASY,0,4,0.0
AL071951,1951,FOX,0,3,0.0
AL081951,1951,GEORGE,1,0,0.0
AL091951,1951,HOW,1,2,0.0
AL101951,1951,ITEM,0,0,0.0
AL111951,1951,JIG,0,1,0.0
AL121951,1951,UNNAMED,0,1,0.0
AL011952,1952,UNNAMED,0,0,0.07
AL021952,1952,ABLE,1,2,0.07
AL031952,1952,UNNAMED,1,0,0.07
AL041952,1952,BAKER,0,2,0.07
AL051952,1952,UNNAMED,0,0,0.07
AL061952,1952,CHARLIE,0,3,0.07
AL071952,1952,DOG,0,0,0.07
AL081952,1952,UNNAMED,0,0,0.07
AL091952,1952,EASY,0,2,0.07
AL101952,1952,FOX,4,4,0.07
AL111952,1952,UNNAMED,0,0,0.07
AL011953,1953,ALICE,3,0,0.06
AL021953,1953,UNNAMED,0,0,0.06
AL031953,1953,BARBARA,3,1,0.06
AL041953,1953,CAROL,2,5,0.06
AL051953,1953,UNNAMED,0,0,0.06
AL061953,1953,DOLLY,1,1,0.06
AL071953,1953,EDNA,0,3,0.06
AL081953,1953,UNNAMED,1,0,0.06
AL091953,1953,FLORENCE,1,3,0.06
AL101953,1953,GAIL,0,1,0.06
AL111953,1953,UNNAMED,0,0,0.06
AL121953,1953,HAZEL,2,1,0.06
AL131953,1953,UNNAMED,0,0,0.06
AL141953,1953,UNNAMED,0,0,0.06
AL011954,1954,UNNAMED,0,0,-0.11
AL021954,1954,UNNAMED,0,0,-0.11
AL031954,1954,ALICE,1,2,-0.11
AL041954,1954,UNNAMED,0,0,-0.11
AL051954,1954,BARBARA,1,0,-0.11
AL061954,1954,CAROL,2,3,-0.11
AL071954,1954,DOLLY,0,1,-0.11
AL081954,1954,EDNA,3,3,-0.11
AL091954,1954,UNNAMED,0,0,-0.11
AL101954,1954,FLORENCE,1,0,-0.11
AL111954,1954,UNNAMED,0,0,-0.11
AL121954,1954,GILDA,1,0,-0.11
AL131954,1954,UNNAMED,0,2,-0.11
AL141954,1954,HAZEL,5,4,-0.11
AL151954,1954,UNNAMED,0,0,-0.11
AL161954,1954,ALICE,1,1,-0.11
AL011955,1955,BRENDA,1,0,-0.12
AL021955,1955,CONNIE,1,4,-0.12
AL031955,1955,DIANE,1,2,-0.12
AL041955,1955,EDITH,0,2,-0.12
AL051955,1955,UNNAMED,1,0,-0.12
AL061955,1955,FLORA,0,2,-0.12
AL071955,1955,GLADYS,1,1,-0.12
AL081955,1955,IONE,1,4,-0.12
AL091955,1955,HILDA,4,3,-0.12
AL101955,1955,JANET,4,5,-0.12
AL111955,1955,UNNAMED,0,0,-0.12
AL121955,1955,UNNAMED,0,0,-0.12
AL131955,1955,KATIE,1,2,-0.12
AL011956,1956,UNNAMED,1,0,-0.1
AL021956,1956,ANNA,1,1,-0.1
AL031956,1956,BETSY,0,3,-0.1
AL041956,1956,CARLA,0,0,-0.1
AL051956,1956,DORA,1,0,-0.1
AL061956,1956,ETHEL,0,0,-0.1
AL071956,1956,FLOSSY,2,1,-0.1
AL081956,1956,GRETA,0,2,-0.1
AL091956,1956,UNNAMED,0,0,-0.1
AL101956,1956,UNNAMED,0,0,-0.1
AL111956,1956,UNNAMED,1,0,-0.1
AL121956,1956,UNNAMED,0,0,-0.1
AL011957,1957,UNNAMED,1,1,0.1
AL021957,1957,AUDREY,1,3,0.1
AL031957,1957,BERTHA,1,0,0.1
AL041957,1957,CARRIE,0,4,0.1
AL051957,1957,DEBBIE,1,0,0.1
AL061957,1957,ESTHER,1,0,0.1
AL071957,1957,FRIEDA,0,1,0.1
AL081957,1957,UNNAMED,0,0,0.1
AL011958,1958,ALMA,1,0,0.12
AL021958,1958,BECKY,0,0,0.12
AL031958,1958,CLEO,0,4,0.12
AL041958,1958,DAISY,0,4,0.12
AL051958,1958,ELLA,5,2,0.12
AL061958,1958,FIFI,0,1,0.12
AL071958,1958,GERDA,2,0,0.12
AL081958,1958,HELENE,0,4,0.12
AL091958,1958,ILSA,0,2,0.12
AL101958,1958,JANICE,4,2,0.12
AL111958,1958,UNNAMED,0,0,0.12
AL121958,1958,UNNAMED,0,0,0.12
AL011959,1959,ARLENE,1,0,0.06
AL021959,1959,BEULAH,0,0,0.06
AL031959,1959,UNNAMED,1,1,0.06
AL041959,1959,CINDY,2,1,0.06
AL051959,1959,DEBRA,1,1,0.06
AL061959,1959,EDITH,1,0,0.06
AL071959,1959,FLORA,0,1,0.06
AL081959,1959,GRACIE,1,4,0.06
AL091959,1959,HANNAH,0,3,0.06
AL101959,1959,IRENE,1,0,0.06
AL111959,1959,JUDITH,1,1,0.06
AL121959,1959,UNNAMED,0,0,0.06
AL131959,1959,UNNAMED,0,0,0.06
AL141959,1959,UNNAMED,0,0,0.06
AL011960,1960,UNNAMED,1,0,0.06
AL021960,1960,ABBY,3,1,0.06
AL031960,1960,BRENDA,2,0,0.06
AL041960,1960,CLEO,0,1,0.06
AL051960,1960,DONNA,9,4,0.06
AL061960,1960,ETHEL,1,3,0.06
AL071960,1960,FLORENCE,1,0,0.06
AL081960,1960,UNNAMED,0,0,0.06
AL011961,1961,ANNA,3,2,0.08
AL021961,1961,BETSY,0,4,0.08
AL031961,1961,CARLA,1,4,0.08
AL041961,1961,DEBBIE,1,1,0.08
AL051961,1961,ESTHER,3,5,0.08
AL061961,1961,UNNAMED,4,0,0.08
AL071961,1961,FRANCES,2,4,0.08
AL081961,1961,GERDA,0,1,0.08
AL091961,1961,HATTIE,1,5,0.08
AL101961,1961,JENNY,0,1,0.08
AL111961,1961,INGA,0,0,0.08
AL121961,1961,UNNAMED,0,0,0.08
AL011962,1962,ALMA,0,1,0.06
AL021962,1962,BECKY,0,0,0.06
AL031962,1962,CELIA,0,0,0.06
AL041962,1962,DAISY,0,2,0.06
AL051962,1962,ELLA,0,2,0.06
AL061962,1962,UNNAMED,1,1,0.06
AL071962,1962,UNNAMED,0,1,0.06
AL011963,1963,ARLENE,1,3,0.08
AL021963,1963,BEULAH,0,3,0.08
AL031963,1963,UNNAMED,0,1,0.08
AL041963,1963,CINDY,1,0,0.08
AL051963,1963,DEBRA,0,1,0.08
AL061963,1963,EDITH,3,2,0.08
AL071963,1963,FLORA,5,4,0.08
AL081963,1963,GINNY,1,2,0.08
AL091963,1963,HELENA,1,0,0.08
AL101963,1963,UNNAMED,1,0,0.08
AL011964,1964,UNNAMED,0,0,-0.08
AL021964,1964,UNNAMED,0,1,-0.08
AL031964,1964,ABBY,1,0,-0.08
AL041964,1964,BRENDA,1,0,-0.08
AL051964,1964,CLEO,7,4,-0.08
AL061964,1964,DORA,1,4,-0.08
AL071964,1964,ETHEL,0,2,-0.08
AL081964,1964,FLORENCE,0,0,-0.08
AL091964,1964,GLADYS,0,4,-0.08
AL101964,1964,HILDA,2,4,-0.08
AL111964,1964,ISBELL,3,3,-0.08
AL121964,1964,UNNAMED,1,0,-0.08
AL131964,1964,UNNAMED,0,0,-0.08
AL011965,1965,UNNAMED,1,0,-0.04
AL021965,1965,ANNA,0,2,-0.04
AL031965,1965,BETSY,5,4,-0.04
AL041965,1965,CAROL,0,1,-0.04
AL051965,1965,DEBBIE,1,0,-0.04
AL061965,1965,ELENA,0,2,-0.04
AL071965,1965,UNNAMED,0,0,-0.04
AL081965,1965,UNNAMED,0,0,-0.04
AL091965,1965,UNNAMED,1,0,-0.04
AL101965,1965,UNNAMED,0,0,-0.04
AL011966,1966,ALMA,3,3,0.02
AL021966,1966,BECKY,0,1,0.02
AL031966,1966,CELIA,0,1,0.02
AL041966,1966,DOROTHY,0,1,0.02
AL051966,1966,ELLA,0,0,0.02
AL061966,1966,FAITH,0,3,0.02
AL071966,1966,GRETA,0,0,0.02
AL081966,1966,HALLIE,0,0,0.02
AL091966,1966,INEZ,9,5,0.02
AL101966,1966,JUDITH,1,0,0.02
AL111966,1966,LOIS,0,1,0.02
AL121966,1966,UNNAMED,2,0,0.02
AL131966,1966,UNNAMED,0,0,0.02
AL141966,1966,UNNAMED,0,0,0.02
AL151966,1966,KENDRA,0,0,0.02
AL161966,1966,UNNAMED,0,0,0.02
AL171966,1966,UNNAMED,0,0,0.02
AL011967,1967,UNNAMED,0,0,0.0
AL031967,1967,UNNAMED,1,0,0.0
AL111967,1967,ARLENE,0,1,0.0
AL121967,1967,CHLOE,0,2,0.0
AL131967,1967,BEULAH,4,5,0.0
AL141967,1967,DORIA,1,2,0.0
AL151967,1967,UNNAMED,0,0,0.0
AL161967,1967,UNNAMED,0,0,0.0
AL171967,1967,UNNAMED,0,0,0.0
AL181967,1967,EDITH,0,0,0.0
AL191967,1967,FERN,1,1,0.0
AL211967,1967,GINGER,0,0,0.0
AL231967,1967,UNNAMED,0,0,0.0
AL241967,1967,UNNAMED,0,0,0.0
AL251967,1967,HEIDI,0,1,0.0
AL271967,1967,UNNAMED,0,0,0.0
AL281967,1967,UNNAMED,0,0,0.0
AL011968,1968,ABBY,3,1,0.02
AL021968,1968,BRENDA,0,1,0.02
AL031968,1968,CANDY,1,0,0.02
AL051968,1968,DOLLY,0,1,0.02
AL061968,1968,UNNAMED,0,0,0.02
AL081968,1968,EDNA,0,0,0.02
AL091968,1968,UNNAMED,0,1,0.02
AL101968,1968,UNNAMED,0,0,0.02
AL121968,1968,FRANCES,0,0,0.02
AL131968,1968,UNNAMED,0,0,0.02
AL141968,1968,GLADYS,2,2,0.02
AL151968,1968,UNNAMED,0,0,0.02
AL161968,1968,UNNAMED,1,0,0.02
AL031969,1969,UNNAMED,0,0,0.19
AL051969,1969,UNNAMED,0,0,0.19
AL061969,1969,ANNA,0,0,0.19
AL071969,1969,BLANCHE,0,1,0.19
AL081969,1969,DEBBIE,0,3,0.19
AL091969,1969,CAMILLE,2,5,0.19
AL121969,1969,EVE,0,0,0.19
AL131969,1969,FRANCELIA,1,2,0.19
AL151969,1969,UNNAMED,0,0,0.19
AL161969,1969,GERDA,1,3,0.19
AL171969,1969,HOLLY,0,1,0.19
AL191969,1969,UNNAMED,0,0,0.19
AL201969,1969,INGA,0,2,0.19
AL211969,1969,UNNAMED,0,1,0.19
AL221969,1969,UNNAMED,0,0,0.19
AL231969,1969,UNNAMED,1,0,0.19
AL241969,1969,JENNY,1,0,0.19
AL251969,1969,KARA,0,1,0.19
AL261969,1969,LAURIE,0,1,0.19
AL271969,1969,UNNAMED,0,0,0.19
AL281969,1969,UNNAMED,0,1,0.19
AL291969,1969,MARTHA,1,1,0.19
AL301969,1969,UNNAMED,0,0,0.19
AL011970,1970,ALMA,0,1,0.07
AL021970,1970,BECKY,1,0,0.07
AL031970,1970,UNNAMED,0,0,0.07
AL041970,1970,CELIA,2,4,0.07
AL051970,1970,UNNAMED,0,0,0.07
AL071970,1970,UNNAMED,0,0,0.07
AL081970,1970,UNNAMED,2,1,0.07
AL091970,1970,DOROTHY,1,0,0.07
AL101970,1970,UNNAMED,0,0,0.07
AL111970,1970,UNNAMED,0,0,0.07
AL121970,1970,ELLA,2,3,0.07
AL131970,1970,FELICE,1,0,0.07
AL141970,1970,UNNAMED,0,0,0.07
AL151970,1970,UNNAMED,0,1,0.07
AL161970,1970,GRETA,0,0,0.07
AL181970,1970,UNNAMED,0,2,0.07
AL191970,1970,UNNAMED,0,2,0.07
AL201970,1970,UNNAMED,0,0,0.07
AL211970,1970,UNNAMED,0,0,0.07
AL221970,1970,UNNAMED,0,0,0.07
AL231970,1970,UNNAMED,0,0,0.07
AL011971,1971,ARLENE,0,0,-0.06
AL021971,1971,UNNAMED,0,0,-0.06
AL031971,1971,UNNAMED,0,0,-0.06
AL041971,1971,UNNAMED,0,1,-0.06
AL051971,1971,UNNAMED,0,0,-0.06
AL061971,1971,BETH,0,1,-0.06
AL071971,1971,UNNAMED,0,0,-0.06
AL081971,1971,CHLOE,0,0,-0.06
AL091971,1971,DORIA,0,0,-0.06
AL101971,1971,UNNAMED,0,0,-0.06
AL111971,1971,FERN,0,1,-0.06
AL121971,1971,UNNAMED,0,0,-0.06
AL131971,1971,EDITH,0,5,-0.06
AL141971,1971,GINGER,0,2,-0.06
AL151971,1971,UNNAMED,0,0,-0.06
AL161971,1971,UNNAMED,0,0,-0.06
AL171971,1971,HEIDI,0,0,-0.06
AL181971,1971,IRENE,0,1,-0.06
AL191971,1971,JANICE,0,0,-0.06
AL201971,1971,UNNAMED,0,0,-0.06
AL211971,1971,KRISTY,0,0,-0.06
AL221971,1971,LAURA,0,0,-0.06
AL011972,1972,ALPHA,0,0,0.12
AL021972,1972,AGNES,0,1,0.12
AL031972,1972,UNNAMED,0,0,0.12
AL041972,1972,UNNAMED,0,0,0.12
AL051972,1972,UNNAMED,0,0,0.12
AL061972,1972,UNNAMED,0,0,0.12
AL071972,1972,UNNAMED,0,0,0.12
AL081972,1972,UNNAMED,0,0,0.12
AL091972,1972,UNNAMED,0,0,0.12
AL101972,1972,BETTY,0,2,0.12
AL111972,1972,CARRIE,0,0,0.12
AL121972,1972,UNNAMED,0,0,0.12
AL131972,1972,DAWN,0,1,0.12
AL141972,1972,CHARLIE,0,0,0.12
AL151972,1972,UNNAMED,0,0,0.12
AL161972,1972,UNNAMED,0,0,0.12
AL171972,1972,UNNAMED,0,0,0.12
AL181972,1972,UNNAMED,0,0,0.12
AL191972,1972,DELTA,0,0,0.12
AL011973,1973,UNNAMED,0,0,0.15
AL021973,1973,UNNAMED,0,0,0.15
AL031973,1973,UNNAMED,0,0,0.15
AL041973,1973,ALICE,0,1,0.15
AL051973,1973,UNNAMED,0,0,0.15
AL061973,1973,ALFA,0,0,0.15
AL071973,1973,UNNAMED,0,0,0.15
AL081973,1973,BRENDA,0,1,0.15
AL091973,1973,CHRISTINE,0,0,0.15
AL101973,1973,DELIA,0,0,0.15
AL111973,1973,UNNAMED,0,0,0.15
AL121973,1973,ELLEN,0,3,0.15
AL131973,1973,UNNAMED,0,0,0.15
AL141973,1973,FRAN,0,1,0.15
AL151973,1973,UNNAMED,0,0,0.15
AL161973,1973,GILDA,0,0,0.15
AL171973,1973,UNNAMED,0,0,0.15
AL011974,1974,UNNAMED,0,0,-0.02
AL021974,1974,UNNAMED,0,0,-0.02
AL031974,1974,UNNAMED,0,0,-0.02
AL041974,1974,UNNAMED,0,0,-0.02
AL051974,1974,UNNAMED,0,0,-0.02
AL061974,1974,UNNAMED,0,0,-0.02
AL071974,1974,ALMA,0,0,-0.02
AL081974,1974,UNNAMED,0,0,-0.02
AL091974,1974,BECKY,0,3,-0.02
AL101974,1974,CARMEN,0,4,-0.02
AL111974,1974,UNNAMED,0,0,-0.02
AL121974,1974,DOLLY,0,0,-0.02
AL131974,1974,ELAINE,0,0,-0.02
AL141974,1974,FIFI,0,2,-0.02
AL151974,1974,UNNAMED,0,0,-0.02
AL161974,1974,UNNAMED,0,0,-0.02
AL171974,1974,GERTRUDE,0,1,-0.02
AL181974,1974,UNNAMED,0,0,-0.02
AL191974,1974,UNNAMED,0,0,-0.02
AL201974,1974,UNNAMED,0,0,-0.02
AL011975,1975,UNNAMED,0,0,-0.02
AL021975,1975,AMY,0,0,-0.02
AL031975,1975,UNNAMED,0,0,-0.02
AL041975,1975,BLANCHE,0,1,-0.02
AL051975,1975,UNNAMED,0,0,-0.02
AL061975,1975,UNNAMED,0,0,-0.02
AL071975,1975,CAROLINE,0,3,-0.02
AL081975,1975,DORIS,0,2,-0.02
AL091975,1975,UNNAMED,0,0,-0.02
AL101975,1975,UNNAMED,0,0,-0.02
AL111975,1975,UNNAMED,0,0,-0.02
AL121975,1975,UNNAMED,0,0,-0.02
AL131975,1975,ELOISE,0,3,-0.02
AL141975,1975,FAYE,0,2,-0.02
AL151975,1975,GLADYS,0,4,-0.02
AL161975,1975,UNNAMED,0,0,-0.02
AL171975,1975,UNNAMED,0,0,-0.02
AL181975,1975,UNNAMED,0,0,-0.02
AL191975,1975,HALLIE,0,0,-0.02
AL201975,1975,UNNAMED,0,0,-0.02
AL211975,1975,UNNAMED,0,0,-0.02
AL221975,1975,UNNAMED,0,0,-0.02
AL231975,1975,UNNAMED,0,0,-0.02
AL011976,1976,UNNAMED,0,0,0.02
AL021976,1976,UNNAMED,0,0,0.02
AL031976,1976,UNNAMED,0,0,0.02
AL041976,1976,UNNAMED,0,0,0.02
AL051976,1976,UNNAMED,0,0,0.02
AL061976,1976,ANNA,0,0,0.02
AL071976,1976,BELLE,0,3,0.02
AL081976,1976,DOTTIE,0,0,0.02
AL091976,1976,CANDICE,0,1,0.02
AL101976,1976,EMMY,0,2,0.02
AL111976,1976,FRANCES,0,3,0.02
AL121976,1976,UNNAMED,0,0,0.02
AL131976,1976,UNNAMED,0,0,0.02
AL141976,1976,UNNAMED,0,0,0.02
AL151976,1976,UNNAMED,0,0,0.02
AL161976,1976,UNNAMED,0,0,0.02
AL171976,1976,GLORIA,0,2,0.02
AL181976,1976,UNNAMED,0,0,0.02
AL191976,1976,UNNAMED,0,0,0.02
AL201976,1976,UNNAMED,0,0,0.02
AL211976,1976,HOLLY,0,1,0.02
AL011977,1977,UNNAMED,0,0,0.2
AL021977,1977,UNNAMED,0,0,0.2
AL031977,1977,UNNAMED,0,0,0.2
AL041977,1977,UNNAMED,0,0,0.2
AL051977,1977,ANITA,0,5,0.2
AL061977,1977,BABE,0,1,0.2
AL071977,1977,CLARA,0,1,0.2
AL081977,1977,UNNAMED,0,0,0.2
AL091977,1977,UNNAMED,0,0,0.2
AL101977,1977,DOROTHY,0,1,0.2
AL111977,1977,UNNAMED,0,0,0.2
AL121977,1977,UNNAMED,0,0,0.2
AL131977,1977,EVELYN,0,1,0.2
AL141977,1977,FRIEDA,0,0,0.2
AL151977,1977,UNNAMED,0,0,0.2
AL011978,1978,UNNAMED,0,0,0.14
AL021978,1978,UNNAMED,0,0,0.14
AL031978,1978,UNNAMED,0,0,0.14
AL041978,1978,AMELIA,0,0,0.14
AL051978,1978,BESS,0,0,0.14
AL061978,1978,CORA,0,1,0.14
AL071978,1978,UNNAMED,0,0,0.14
AL081978,1978,UNNAMED,0,0,0.14
AL091978,1978,DEBRA,0,0,0.14
AL101978,1978,ELLA,0,4,0.14
AL111978,1978,UNNAMED,0,0,0.14
AL121978,1978,UNNAMED,0,0,0.14
AL131978,1978,FLOSSIE,0,2,0.14
AL141978,1978,UNNAMED,0,0,0.14
AL151978,1978,HOPE,0,0,0.14
AL161978,1978,GRETA,0,4,0.14
AL171978,1978,UNNAMED,0,0,0.14
AL181978,1978,UNNAMED,0,0,0.14
AL191978,1978,IRMA,0,0,0.14
AL201978,1978,JULIET,0,0,0.14
AL211978,1978,UNNAMED,0,0,0.14
AL221978,1978,UNNAMED,0,0,0.14
AL231978,1978,KENDRA,0,1,0.14
AL241978,1978,UNNAMED,0,0,0.14
AL011979,1979,UNNAMED,0,0,0.27
AL021979,1979,ANA,0,0,0.27
AL031979,1979,UNNAMED,0,0,0.27
AL041979,1979,BOB,0,1,0.27
AL051979,1979,UNNAMED,0,0,0.27
AL061979,1979,CLAUDETTE,0,0,0.27
AL071979,1979,UNNAMED,0,0,0.27
AL081979,1979,UNNAMED,0,0,0.27
AL091979,1979,DAVID,0,5,0.27
AL101979,1979,UNNAMED,0,0,0.27
AL111979,1979,FREDERIC,0,4,0.27
AL121979,1979,ELENA,0,0,0.27
AL131979,1979,UNNAMED,0,0,0.27
AL141979,1979,GLORIA,0,2,0.27
AL151979,1979,HENRI,0,1,0.27
AL161979,1979,UNNAMED,0,0,0.27
AL171979,1979,UNNAMED,0,0,0.27
AL181979,1979,UNNAMED,0,1,0.27
AL191979,1979,UNNAMED,0,0,0.27
AL201979,1979,UNNAMED,0,0,0.27
AL011980,1980,UNNAMED,0,0,0.28
AL021980,1980,UNNAMED,0,0,0.28
AL031980,1980,UNNAMED,0,0,0.28
AL041980,1980,ALLEN,0,5,0.28
AL051980,1980,UNNAMED,0,0,0.28
AL061980,1980,BONNIE,0,2,0.28
AL071980,1980,CHARLEY,0,1,0.28
AL081980,1980,UNNAMED,0,0,0.28
AL091980,1980,GEORGES,0,1,0.28
AL101980,1980,EARL,0,1,0.28
AL111980,1980,DANIELLE,0,0,0.28
AL121980,1980,FRANCES,0,3,0.28
AL131980,1980,HERMINE,0,0,0.28
AL141980,1980,IVAN,0,2,0.28
AL151980,1980,UNNAMED,0,0,0.28
AL161980,1980,JEANNE,0,2,0.28
AL171980,1980,UNNAMED,0,0,0.28
AL181980,1980,KARL,0,1,0.28
AL011981,1981,UNNAMED,0,0,0.25
AL021981,1981,UNNAMED,0,0,0.25
AL031981,1981,ARLENE,0,0,0.25
AL041981,1981,UNNAMED,0,0,0.25
AL051981,1981,UNNAMED,0,0,0.25
AL061981,1981,BRET,0,0,0.25
AL071981,1981,UNNAMED,0,0,0.25
AL081981,1981,UNNAMED,0,0,0.25
AL091981,1981,CINDY,0,0,0.25
AL101981,1981,DENNIS,0,1,0.25
AL111981,1981,UNNAMED,0,0,0.25
AL121981,1981,UNNAMED,0,0,0.25
AL131981,1981,EMILY,0,1,0.25
AL141981,1981,FLOYD,0,3,0.25
AL151981,1981,GERT,0,2,0.25
AL161981,1981,HARVEY,0,4,0.25
AL171981,1981,UNNAMED,0,0,0.25
AL181981,1981,IRENE,0,3,0.25
AL191981,1981,UNNAMED,0,0,0.25
AL201981,1981,JOSE,0,0,0.25
AL211981,1981,KATRINA,0,1,0.25
AL221981,1981,UNNAMED,0,0,0.25
AL011982,1982,ALBERTO,0,1,0.24
AL021982,1982,UNNAMED,0,0,0.24
AL031982,1982,BERYL,0,0,0.24
AL041982,1982,UNNAMED,0,0,0.24
AL051982,1982,CHRIS,0,0,0.24
AL061982,1982,DEBBY,0,4,0.24
AL071982,1982,UNNAMED,0,0,0.24
AL081982,1982,ERNESTO,0,0,0.24
AL011983,1983,UNNAMED,0,0,0.32
AL021983,1983,UNNAMED,0,0,0.32
AL031983,1983,ALICIA,1,3,0.32
AL041983,1983,BARRY,2,1,0.32
AL051983,1983,CHANTAL,0,1,0.32
AL061983,1983,DEAN,0,0,0.32
AL011984,1984,UNNAMED,0,0,0.21
AL021984,1984,UNNAMED,0,0,0.21
AL031984,1984,UNNAMED,0,0,0.21
AL041984,1984,UNNAMED,0,0,0.21
AL051984,1984,UNNAMED,0,0,0.21
AL061984,1984,ARTHUR,0,0,0.21
AL071984,1984,BERTHA,0,0,0.21
AL081984,1984,CESAR,0,0,0.21
AL091984,1984,UNNAMED,0,0,0.21
AL101984,1984,DIANA,1,4,0.21
AL111984,1984,EDOUARD,0,0,0.21
AL121984,1984,FRAN,0,0,0.21
AL131984,1984,GUSTAV,0,0,0.21
AL141984,1984,HORTENSE,0,1,0.21
AL151984,1984,ISIDORE,0,0,0.21
AL161984,1984,JOSEPHINE,0,2,0.21
AL171984,1984,UNNAMED,0,0,0.21
AL181984,1984,KLAUS,0,1,0.21
AL191984,1984,UNNAMED,0,0,0.21
AL201984,1984,LILI,0,1,0.21
AL011985,1985,ANA,0,0,0.18
AL021985,1985,BOB,1,1,0.18
AL031985,1985,CLAUDETTE,0,1,0.18
AL041985,1985,DANNY,1,1,0.18
AL051985,1985,ELENA,1,3,0.18
AL061985,1985,UNNAMED,0,0,0.18
AL071985,1985,UNNAMED,0,0,0.18
AL081985,1985,FABIAN,0,0,0.18
AL091985,1985,GLORIA,2,4,0.18
AL101985,1985,HENRI,2,0,0.18
AL111985,1985,ISABEL,1,0,0.18
AL121985,1985,JUAN,1,1,0.18
AL131985,1985,KATE,1,3,0.18
AL141985,1985,UNNAMED,0,0,0.18
AL011986,1986,ANDREW,0,0,0.23
AL021986,1986,BONNIE,1,1,0.23
AL031986,1986,UNNAMED,0,0,0.23
AL041986,1986,UNNAMED,0,0,0.23
AL051986,1986,CHARLEY,1,1,0.23
AL061986,1986,UNNAMED,0,0,0.23
AL071986,1986,UNNAMED,0,0,0.23
AL081986,1986,DANIELLE,0,0,0.23
AL091986,1986,EARL,0,2,0.23
AL101986,1986,FRANCES,0,1,0.23
AL011987,1987,UNNAMED,0,0,0.38
AL031987,1987,UNNAMED,1,0,0.38
AL021987,1987,ARLENE,0,1,0.38
AL041987,1987,UNNAMED,0,0,0.38
AL051987,1987,BRET,0,0,0.38
AL061987,1987,UNNAMED,0,0,0.38
AL071987,1987,CINDY,0,0,0.38
AL081987,1987,UNNAMED,0,0,0.38
AL091987,1987,UNNAMED,0,0,0.38
AL101987,1987,DENNIS,0,0,0.38
AL111987,1987,UNNAMED,0,0,0.38
AL121987,1987,EMILY,2,3,0.38
AL131987,1987,FLOYD,1,1,0.38
AL141987,1987,UNNAMED,0,0,0.38
AL011988,1988,ALBERTO,0,0,0.33
AL021988,1988,BERYL,0,0,0.33
AL031988,1988,CHRIS,1,0,0.33
AL041988,1988,DEBBY,1,1,0.33
AL051988,1988,ERNESTO,0,0,0.33
AL061988,1988,UNNAMED,0,0,0.33
AL071988,1988,FLORENCE,1,1,0.33
AL081988,1988,GILBERT,3,5,0.33
AL091988,1988,HELENE,0,4,0.33
AL101988,1988,ISAAC,0,0,0.33
AL111988,1988,JOAN,3,4,0.33
AL121988,1988,KEITH,2,1,0.33
AL131988,1988,UNNAMED,0,0,0.33
AL141988,1988,UNNAMED,0,0,0.33
AL151988,1988,UNNAMED,0,0,0.33
AL161988,1988,UNNAMED,0,0,0.33
AL171988,1988,UNNAMED,0,0,0.33
AL181988,1988,UNNAMED,0,0,0.33
AL191988,1988,UNNAMED,0,0,0.33
AL011989,1989,UNNAMED,0,0,0.28
AL021989,1989,ALLISON,1,0,0.28
AL031989,1989,BARRY,0,0,0.28
AL041989,1989,CHANTAL,1,1,0.28
AL051989,1989,DEAN,1,2,0.28
AL061989,1989,UNNAMED,0,0,0.28
AL071989,1989,ERIN,0,2,0.28
AL081989,1989,FELIX,0,1,0.28
AL091989,1989,UNNAMED,0,0,0.28
AL101989,1989,GABRIELLE,0,4,0.28
AL111989,1989,HUGO,5,5,0.28
AL121989,1989,IRIS,0,0,0.28
AL131989,1989,UNNAMED,0,0,0.28
AL141989,1989,JERRY,1,1,0.28
AL151989,1989,KAREN,0,0,0.28
AL011990,1990,UNNAMED,0,0,0.37
AL021990,1990,ARTHUR,0,0,0.37
AL031990,1990,BERTHA,0,1,0.37
AL041990,1990,CESAR,0,0,0.37
AL061990,1990,EDOUARD,0,0,0.37
AL051990,1990,DIANA,2,2,0.37
AL071990,1990,FRAN,0,0,0.37
AL081990,1990,GUSTAV,0,3,0.37
AL091990,1990,HORTENSE,0,0,0.37
AL101990,1990,ISIDORE,0,2,0.37
AL111990,1990,UNNAMED,0,0,0.37
AL121990,1990,JOSEPHINE,0,1,0.37
AL131990,1990,KLAUS,0,1,0.37
AL141990,1990,LILI,0,1,0.37
AL151990,1990,MARCO,0,0,0.37
AL161990,1990,NANA,0,1,0.37
AL011991,1991,ANA,0,0,0.34
AL021991,1991,UNNAMED,0,0,0.34
AL031991,1991,BOB,3,3,0.34
AL041991,1991,UNNAMED,0,0,0.34
AL051991,1991,UNNAMED,0,0,0.34
AL061991,1991,CLAUDETTE,0,4,0.34
AL071991,1991,DANNY,0,0,0.34
AL081991,1991,ERIKA,1,0,0.34
AL091991,1991,FABIAN,2,0,0.34
AL101991,1991,UNNAMED,0,0,0.34
AL111991,1991,GRACE,0,2,0.34
AL121991,1991,UNNAMED,1,1,0.34
AL011992,1992,UNNAMED,0,0,0.25
AL021992,1992,UNNAMED,0,0,0.25
AL031992,1992,UNNAMED,0,0,0.25
AL041992,1992,ANDREW,5,5,0.25
AL051992,1992,BONNIE,0,2,0.25
AL061992,1992,CHARLEY,0,2,0.25
AL071992,1992,DANIELLE,1,0,0.25
AL081992,1992,UNNAMED,0,0,0.25
AL091992,1992,EARL,0,0,0.25
AL101992,1992,FRANCES,0,1,0.25
AL011993,1993,UNNAMED,0,0,0.26
AL021993,1993,ARLENE,1,0,0.26
AL031993,1993,BRET,4,0,0.26
AL041993,1993,CINDY,1,0,0.26
AL051993,1993,EMILY,0,3,0.26
AL061993,1993,DENNIS,0,0,0.26
AL071993,1993,FLOYD,0,1,0.26
AL081993,1993,GERT,3,2,0.26
AL091993,1993,HARVEY,0,1,0.26
AL101993,1993,UNNAMED,0,0,0.26
AL011994,1994,ALBERTO,1,0,0.3
AL021994,1994,UNNAMED,1,0,0.3
AL031994,1994,BERYL,1,0,0.3
AL041994,1994,CHRIS,0,1,0.3
AL051994,1994,UNNAMED,1,0,0.3
AL061994,1994,DEBBY,1,0,0.3
AL071994,1994,ERNESTO,0,0,0.3
AL081994,1994,UNNAMED,1,0,0.3
AL091994,1994,UNNAMED,0,0,0.3
AL101994,1994,UNNAMED,0,0,0.3
AL111994,1994,FLORENCE,0,2,0.3
AL121994,1994,GORDON,6,1,0.3
AL011995,1995,ALLISON,2,1,0.34
AL021995,1995,BARRY,2,0,0.34
AL031995,1995,CHANTAL,0,0,0.34
AL041995,1995,DEAN,1,0,0.34
AL051995,1995,ERIN,2,2,0.34
AL061995,1995,UNNAMED,1,0,0.34
AL071995,1995,FELIX,0,4,0.34
AL081995,1995,GABRIELLE,1,0,0.34
AL091995,1995,HUMBERTO,0,2,0.34
AL101995,1995,IRIS,2,2,0.34
AL111995,1995,JERRY,1,0,0.34
AL121995,1995,KAREN,0,0,0.34
AL131995,1995,LUIS,0,4,0.34
AL141995,1995,UNNAMED,0,0,0.34
AL151995,1995,MARILYN,1,3,0.34
AL161995,1995,NOEL,0,1,0.34
AL171995,1995,OPAL,1,4,0.34
AL181995,1995,PABLO,0,0,0.34
AL191995,1995,ROXANNE,1,3,0.34
AL201995,1995,SEBASTIEN,0,0,0.34
AL211995,1995,TANYA,0,1,0.34
AL011996,1996,ARTHUR,1,0,0.31
AL021996,1996,BERTHA,1,3,0.31
AL031996,1996,CESAR,1,1,0.31
AL041996,1996,DOLLY,2,1,0.31
AL051996,1996,EDOUARD,0,4,0.31
AL061996,1996,FRAN,1,3,0.31
AL071996,1996,GUSTAV,0,0,0.31
AL081996,1996,HORTENSE,2,4,0.31
AL091996,1996,ISIDORE,0,3,0.31
AL101996,1996,JOSEPHINE,1,0,0.31
AL111996,1996,KYLE,1,0,0.31
AL121996,1996,LILI,1,3,0.31
AL131996,1996,MARCO,0,1,0.31
AL011997,1997,UNNAMED,0,0,0.47
AL021997,1997,ANA,0,0,0.47
AL031997,1997,BILL,0,1,0.47
AL041997,1997,CLAUDETTE,0,0,0.47
AL051997,1997,DANNY,3,1,0.47
AL061997,1997,UNNAMED,0,0,0.47
AL071997,1997,ERIKA,0,3,0.47
AL081997,1997,FABIAN,0,0,0.47
AL091997,1997,GRACE,0,0,0.47
AL011998,1998,ALEX,0,0,0.52
AL021998,1998,BONNIE,1,3,0.52
AL031998,1998,CHARLEY,1,0,0.52
AL041998,1998,DANIELLE,0,2,0.52
AL051998,1998,EARL,1,2,0.52
AL061998,1998,FRANCES,1,0,0.52
AL071998,1998,GEORGES,7,4,0.52
AL081998,1998,HERMINE,1,0,0.52
AL091998,1998,IVAN,0,1,0.52
AL101998,1998,JEANNE,0,2,0.52
AL111998,1998,KARL,0,2,0.52
AL121998,1998,LISA,0,1,0.52
AL131998,1998,MITCH,3,5,0.52
AL141998,1998,NICOLE,0,1,0.52
AL011999,1999,ARLENE,0,0,0.31
AL021999,1999,UNNAMED,1,0,0.31
AL031999,1999,BRET,1,4,0.31
AL041999,1999,CINDY,0,4,0.31
AL051999,1999,DENNIS,2,2,0.31
AL061999,1999,EMILY,0,0,0.31
AL071999,1999,UNNAMED,1,0,0.31
AL081999,1999,FLOYD,3,4,0.31
AL091999,1999,GERT,0,4,0.31
AL101999,1999,HARVEY,1,0,0.31
AL111999,1999,UNNAMED,0,0,0.31
AL121999,1999,UNNAMED,0,0,0.31
AL131999,1999,IRENE,4,2,0.31
AL141999,1999,JOSE,2,2,0.31
AL151999,1999,KATRINA,1,0,0.31
AL161999,1999,LENNY,5,4,0.31
AL012000,2000,UNNAMED,0,0,0.33
AL022000,2000,UNNAMED,0,0,0.33
AL032000,2000,ALBERTO,0,3,0.33
AL042000,2000,UNNAMED,0,0,0.33
AL052000,2000,BERYL,0,0,0.33
AL062000,2000,CHRIS,0,0,0.33
AL072000,2000,DEBBY,3,1,0.33
AL082000,2000,ERNESTO,0,0,0.33
AL092000,2000,UNNAMED,1,0,0.33
AL102000,2000,FLORENCE,0,1,0.33
AL112000,2000,GORDON,1,1,0.33
AL122000,2000,HELENE,1,0,0.33
AL132000,2000,ISAAC,0,4,0.33
AL142000,2000,JOYCE,0,1,0.33
AL152000,2000,KEITH,3,4,0.33
AL162000,2000,LESLIE,0,0,0.33
AL172000,2000,MICHAEL,0,2,0.33
AL182000,2000,NADINE,0,0,0.33
AL192000,2000,UNNAMED,0,0,0.33
AL012001,2001,ALLISON,2,0,0.45
AL022001,2001,UNNAMED,0,0,0.45
AL032001,2001,BARRY,1,0,0.45
AL042001,2001,CHANTAL,1,0,0.45
AL052001,2001,DEAN,0,0,0.45
AL062001,2001,ERIN,0,3,0.45
AL072001,2001,FELIX,0,3,0.45
AL082001,2001,GABRIELLE,1,1,0.45
AL092001,2001,UNNAMED,1,0,0.45
AL102001,2001,HUMBERTO,0,2,0.45
AL112001,2001,IRIS,1,4,0.45
AL122001,2001,JERRY,0,0,0.45
AL132001,2001,KAREN,1,1,0.45
AL142001,2001,LORENZO,0,0,0.45
AL152001,2001,MICHELLE,4,4,0.45
AL162001,2001,NOEL,0,1,0.45
AL172001,2001,OLGA,0,1,0.45
AL012002,2002,ARTHUR,0,0,0.48
AL022002,2002,BERTHA,2,0,0.48
AL032002,2002,CRISTOBAL,0,0,0.48
AL042002,2002,DOLLY,0,0,0.48
AL052002,2002,EDOUARD,1,0,0.48
AL062002,2002,FAY,1,0,0.48
AL072002,2002,UNNAMED,0,0,0.48
AL082002,2002,GUSTAV,2,2,0.48
AL092002,2002,HANNA,2,0,0.48
AL102002,2002,ISIDORE,3,3,0.48
AL112002,2002,JOSEPHINE,0,0,0.48
AL122002,2002,KYLE,2,1,0.48
AL132002,2002,LILI,4,4,0.48
AL142002,2002,UNNAMED,1,0,0.48
AL012003,2003,ANA,0,0,0.5
AL022003,2003,UNNAMED,0,0,0.5
AL032003,2003,BILL,1,0,0.5
AL042003,2003,CLAUDETTE,2,1,0.5
AL052003,2003,DANNY,0,1,0.5
AL062003,2003,UNNAMED,0,0,0.5
AL072003,2003,UNNAMED,1,0,0.5
AL082003,2003,ERIKA,1,1,0.5
AL092003,2003,UNNAMED,0,0,0.5
AL102003,2003,FABIAN,0,4,0.5
AL112003,2003,GRACE,1,0,0.5
AL122003,2003,HENRI,1,0,0.5
AL132003,2003,ISABEL,1,5,0.5
AL142003,2003,UNNAMED,0,0,0.5
AL152003,2003,JUAN,1,2,0.5
AL162003,2003,KATE,0,3,0.5
AL172003,2003,LARRY,1,0,0.5
AL182003,2003,MINDY,0,0,0.5
AL192003,2003,NICHOLAS,0,0,0.5
AL202003,2003,ODETTE,1,0,0.5
AL212003,2003,PETER,0,0,0.5
AL012004,2004,ALEX,0,3,0.49
AL022004,2004,BONNIE,1,0,0.49
AL032004,2004,CHARLEY,5,4,0.49
AL042004,2004,DANIELLE,0,2,0.49
AL052004,2004,EARL,0,0,0.49
AL062004,2004,FRANCES,6,4,0.49
AL072004,2004,GASTON,1,1,0.49
AL082004,2004,HERMINE,1,0,0.49
AL092004,2004,IVAN,2,5,0.49
AL102004,2004,UNNAMED,0,0,0.49
AL112004,2004,JEANNE,5,3,0.49
AL122004,2004,KARL,0,4,0.49
AL132004,2004,LISA,0,1,0.49
AL142004,2004,MATTHEW,1,0,0.49
AL152004,2004,NICOLE,0,0,0.49
AL162004,2004,OTTO,0,0,0.49
AL012005,2005,ARLENE,2,0,0.49
AL022005,2005,BRET,1,0,0.49
AL032005,2005,CINDY,3,1,0.49
AL042005,2005,DENNIS,3,4,0.49
AL052005,2005,EMILY,3,5,0.49
AL062005,2005,FRANKLIN,0,0,0.49
AL072005,2005,GERT,1,0,0.49
AL082005,2005,HARVEY,0,0,0.49
AL092005,2005,IRENE,0,2,0.49
AL102005,2005,TEN,0,0,0.49
AL112005,2005,JOSE,1,0,0.49
AL122005,2005,KATRINA,3,5,0.49
AL132005,2005,LEE,0,0,0.49
AL142005,2005,MARIA,0,3,0.49
AL152005,2005,NATE,0,1,0.49
AL162005,2005,OPHELIA,1,1,0.49
AL172005,2005,PHILIPPE,0,1,0.49
AL182005,2005,RITA,1,5,0.49
AL192005,2005,NINETEEN,0,0,0.49
AL202005,2005,STAN,2,1,0.49
AL212005,2005,UNNAMED,0,0,0.49
AL222005,2005,TAMMY,1,0,0.49
AL232005,2005,TWENTY-TWO,0,0,0.49
AL242005,2005,VINCE,1,1,0.49
AL252005,2005,WILMA,3,5,0.49
AL262005,2005,ALPHA,1,0,0.49
AL272005,2005,BETA,1,3,0.49
AL282005,2005,GAMMA,0,0,0.49
AL292005,2005,DELTA,0,0,0.49
AL302005,2005,EPSILON,0,1,0.49
AL312005,2005,ZETA,0,0,0.49
AL012006,2006,ALBERTO,1,0,0.49
AL022006,2006,UNNAMED,0,0,0.49
AL032006,2006,BERYL,1,0,0.49
AL042006,2006,CHRIS,0,0,0.49
AL052006,2006,DEBBY,0,0,0.49
AL062006,2006,ERNESTO,4,1,0.49
AL072006,2006,FLORENCE,0,1,0.49
AL082006,2006,GORDON,0,3,0.49
AL092006,2006,HELENE,0,3,0.49
AL102006,2006,ISAAC,0,1,0.49
AL012007,2007,ANDREA,0,1,0.4
AL022007,2007,BARRY,1,0,0.4
AL032007,2007,CHANTAL,0,0,0.4
AL042007,2007,DEAN,2,5,0.4
AL052007,2007,ERIN,1,0,0.4
AL062007,2007,FELIX,2,5,0.4
AL072007,2007,GABRIELLE,1,0,0.4
AL082007,2007,INGRID,0,0,0.4
AL092007,2007,HUMBERTO,1,1,0.4
AL102007,2007,TEN,1,0,0.4
AL112007,2007,JERRY,0,0,0.4
AL122007,2007,KAREN,0,1,0.4
AL132007,2007,LORENZO,1,1,0.4
AL142007,2007,MELISSA,0,0,0.4
AL152007,2007,FIFTEEN,0,0,0.4
AL162007,2007,NOEL,4,1,0.4
AL172007,2007,OLGA,2,0,0.4
AL012008,2008,ARTHUR,1,0,0.39
AL022008,2008,BERTHA,0,3,0.39
AL032008,2008,CRISTOBAL,0,0,0.39
AL042008,2008,DOLLY,3,2,0.39
AL052008,2008,EDOUARD,1,0,0.39
AL062008,2008,FAY,7,0,0.39
AL072008,2008,GUSTAV,6,4,0.39
AL082008,2008,HANNA,3,1,0.39
AL092008,2008,IKE,4,4,0.39
AL102008,2008,JOSEPHINE,0,0,0.39
AL112008,2008,KYLE,1,1,0.39
AL122008,2008,LAURA,0,1,0.39
AL132008,2008,MARCO,1,0,0.39
AL142008,2008,NANA,0,0,0.39
AL152008,2008,OMAR,0,4,0.39
AL162008,2008,SIXTEEN,1,0,0.39
AL172008,2008,PALOMA,1,4,0.39
AL012009,2009,ONE,0,0,0.52
AL022009,2009,ANA,0,0,0.52
AL032009,2009,BILL,1,4,0.52
AL042009,2009,CLAUDETTE,1,0,0.52
AL052009,2009,DANNY,0,0,0.52
AL062009,2009,ERIKA,1,0,0.52
AL072009,2009,FRED,0,3,0.52
AL082009,2009,EIGHT,0,0,0.52
AL092009,2009,GRACE,0,0,0.52
AL102009,2009,HENRI,0,0,0.52
AL112009,2009,IDA,1,2,0.52
AL012010,2010,ALEX,2,2,0.53
AL022010,2010,TWO,1,0,0.53
AL032010,2010,BONNIE,3,0,0.53
AL042010,2010,COLIN,0,0,0.53
AL052010,2010,FIVE,0,0,0.53
AL062010,2010,DANIELLE,0,4,0.53
AL072010,2010,EARL,2,4,0.53
AL082010,2010,FIONA,0,0,0.53
AL092010,2010,GASTON,0,0,0.53
AL102010,2010,HERMINE,1,0,0.53
AL112010,2010,IGOR,1,4,0.53
AL122010,2010,JULIA,0,4,0.53
AL132010,2010,KARL,2,3,0.53
AL142010,2010,LISA,0,1,0.53
AL152010,2010,MATTHEW,2,0,0.53
AL162010,2010,NICOLE,0,0,0.53
AL172010,2010,OTTO,0,1,0.53
AL182010,2010,PAULA,2,2,0.53
AL192010,2010,RICHARD,1,2,0.53
AL202010,2010,SHARY,0,1,0.53
AL212010,2010,TOMAS,3,2,0.53
AL012011,2011,ARLENE,1,0,0.41
AL022011,2011,BRET,0,0,0.41
AL032011,2011,CINDY,0,0,0.41
AL042011,2011,DON,1,0,0.41
AL052011,2011,EMILY,0,0,0.41
AL062011,2011,FRANKLIN,0,0,0.41
AL072011,2011,GERT,0,0,0.41
AL082011,2011,HARVEY,2,0,0.41
AL092011,2011,IRENE,9,3,0.41
AL102011,2011,TEN,0,0,0.41
AL112011,2011,JOSE,0,0,0.41
AL122011,2011,KATIA,0,4,0.41
AL202011,2011,UNNAMED,0,0,0.41
AL132011,2011,LEE,1,0,0.41
AL142011,2011,MARIA,1,1,0.41
AL152011,2011,NATE,1,1,0.41
AL162011,2011,OPHELIA,0,4,0.41
AL172011,2011,PHILIPPE,0,1,0.41
AL182011,2011,RINA,1,3,0.41
AL192011,2011,SEAN,0,0,0.41
AL012012,2012,ALBERTO,0,0,0.48
AL022012,2012,BERYL,1,0,0.48
AL032012,2012,CHRIS,0,1,0.48
AL042012,2012,DEBBY,1,0,0.48
AL052012,2012,ERNESTO,3,2,0.48
AL062012,2012,FLORENCE,0,0,0.48
AL072012,2012,HELENE,1,0,0.48
AL082012,2012,GORDON,1,2,0.48
AL092012,2012,ISAAC,4,1,0.48
AL102012,2012,JOYCE,0,0,0.48
AL112012,2012,KIRK,0,2,0.48
AL122012,2012,LESLIE,0,1,0.48
AL132012,2012,MICHAEL,0,3,0.48
AL142012,2012,NADINE,0,1,0.48
AL152012,2012,OSCAR,0,0,0.48
AL162012,2012,PATTY,0,0,0.48
AL172012,2012,RAFAEL,0,1,0.48
AL182012,2012,SANDY,3,3,0.48
AL192012,2012,TONY,0,0,0.48
AL012013,2013,ANDREA,1,0,0.52
AL022013,2013,BARRY,2,0,0.52
AL032013,2013,CHANTAL,0,0,0.52
AL042013,2013,DORIAN,0,0,0.52
AL052013,2013,ERIN,0,0,0.52
AL062013,2013,FERNAND,1,0,0.52
AL072013,2013,GABRIELLE,0,0,0.52
AL082013,2013,EIGHT,0,0,0.52
AL092013,2013,HUMBERTO,0,1,0.52
AL102013,2013,INGRID,1,1,0.52
AL112013,2013,JERRY,0,0,0.52
AL122013,2013,KAREN,0,0,0.52
AL132013,2013,LORENZO,0,0,0.52
AL142013,2013,MELISSA,0,0,0.52
AL152013,2013,UNNAMED,0,0,0.52
AL012014,2014,ARTHUR,2,2,0.61
AL022014,2014,TWO,0,0,0.61
AL032014,2014,BERTHA,1,1,0.61
AL042014,2014,CRISTOBAL,0,1,0.61
AL052014,2014,DOLLY,1,0,0.61
AL062014,2014,EDOUARD,0,3,0.61
AL072014,2014,FAY,1,1,0.61
AL082014,2014,GONZALO,4,4,0.61
AL092014,2014,HANNA,1,0,0.61
AL012015,2015,ANA,1,0,0.72
AL022015,2015,BILL,1,0,0.72
AL032015,2015,CLAUDETTE,0,0,0.72
AL042015,2015,DANNY,0,3,0.72
AL052015,2015,ERIKA,0,0,0.72
AL062015,2015,FRED,0,1,0.72
AL072015,2015,GRACE,0,0,0.72
AL082015,2015,HENRI,0,0,0.72
AL092015,2015,NINE,0,0,0.72
AL102015,2015,IDA,0,0,0.72
AL112015,2015,JOAQUIN,3,4,0.72
AL122015,2015,KATE,0,1,0.72
AL012016,2016,ALEX,1,1,0.75
AL022016,2016,BONNIE,1,0,0.75
AL032016,2016,COLIN,1,0,0.75
AL042016,2016,DANIELLE,1,0,0.75
AL052016,2016,EARL,3,1,0.75
AL062016,2016,FIONA,0,0,0.75
AL072016,2016,GASTON,0,3,0.75
AL082016,2016,EIGHT,0,0,0.75
AL092016,2016,HERMINE,1,1,0.75
AL102016,2016,IAN,1,0,0.75
AL112016,2016,JULIA,0,0,0.75
AL122016,2016,KARL,0,0,0.75
AL132016,2016,LISA,0,0,0.75
AL142016,2016,MATTHEW,4,5,0.75
AL152016,2016,NICOLE,0,4,0.75
AL162016,2016,OTTO,1,3,0.75
AL012017,2017,ARLENE,0,0,0.69
AL022017,2017,BRET,2,0,0.69
AL032017,2017,CINDY,1,0,0.69
AL042017,2017,FOUR,0,0,0.69
AL052017,2017,DON,0,0,0.69
AL062017,2017,EMILY,1,0,0.69
AL072017,2017,FRANKLIN,2,1,0.69
AL082017,2017,GERT,0,2,0.69
AL092017,2017,HARVEY,5,4,0.69
AL112017,2017,IRMA,7,5,0.69
AL122017,2017,JOSE,0,4,0.69
AL132017,2017,KATIA,1,2,0.69
AL142017,2017,LEE,0,3,0.69
AL152017,2017,MARIA,2,5,0.69
AL162017,2017,NATE,3,1,0.69
AL172017,2017,OPHELIA,1,3,0.69
AL182017,2017,PHILIPPE,1,0,0.69
AL192017,2017,RINA,0,0,0.69
AL012018,2018,ALBERTO,1,0,0.66
AL022018,2018,BERYL,0,1,0.66
AL032018,2018,CHRIS,0,2,0.66
AL042018,2018,DEBBY,0,0,0.66
AL052018,2018,ERNESTO,0,0,0.66
AL062018,2018,FLORENCE,1,4,0.66
AL072018,2018,GORDON,3,0,0.66
AL082018,2018,HELENE,0,2,0.66
AL092018,2018,ISAAC,0,1,0.66
AL102018,2018,JOYCE,0,0,0.66
AL112018,2018,ELEVEN,0,0,0.66
AL122018,2018,KIRK,1,0,0.66
AL132018,2018,LESLIE,0,1,0.66
AL142018,2018,MICHAEL,1,5,0.66
AL152018,2018,NADINE,0,0,0.66
AL162018,2018,OSCAR,0,2,0.66
AL012019,2019,ANDREA,0,0,0.74
AL022019,2019,BARRY,1,1,0.74
AL032019,2019,THREE,0,0,0.74
AL042019,2019,CHANTAL,0,0,0.74
AL052019,2019,DORIAN,7,5,0.74
AL062019,2019,ERIN,0,0,0.74
AL072019,2019,FERNAND,1,0,0.74
AL082019,2019,GABRIELLE,0,0,0.74
AL092019,2019,HUMBERTO,0,3,0.74
AL102019,2019,JERRY,0,2,0.74
AL112019,2019,IMELDA,1,0,0.74
AL122019,2019,KAREN,2,0,0.74
AL132019,2019,LORENZO,0,5,0.74
AL142019,2019,MELISSA,0,0,0.74
AL152019,2019,FIFTEEN,0,0,0.74
AL162019,2019,NESTOR,0,0,0.74
AL172019,2019,OLGA,0,0,0.74
AL182019,2019,PABLO,0,1,0.74
AL192019,2019,REBEKAH,0,1,0.74
AL202019,2019,SEBASTIEN,0,0,0.74
AL012020,2020,ARTHUR,0,0,0.72
AL022020,2020,BERTHA,1,0,0.72
AL032020,2020,CRISTOBAL,2,0,0.72
AL042020,2020,DOLLY,0,0,0.72
AL052020,2020,EDOUARD,0,0,0.72
AL062020,2020,FAY,1,0,0.72
AL072020,2020,GONZALO,1,0,0.72
AL082020,2020,HANNA,2,1,0.72
AL092020,2020,ISAIAS,4,1,0.72
AL102020,2020,TEN,0,0,0.72
AL112020,2020,JOSEPHINE,0,0,0.72
AL122020,2020,KYLE,0,0,0.72
AL132020,2020,LAURA,6,4,0.72
AL142020,2020,MARCO,0,1,0.72
AL152020,2020,OMAR,0,0,0.72
AL162020,2020,NANA,1,1,0.72
AL172020,2020,PAULETTE,1,2,0.72
AL182020,2020,RENE,0,0,0.72
AL192020,2020,SALLY,2,2,0.72
AL202020,2020,TEDDY,0,4,0.72
AL212020,2020,VICKY,0,0,0.72
AL222020,2020,BETA,1,0,0.72
AL232020,2020,WILFRED,0,0,0.72
AL242020,2020,ALPHA,1,0,0.72
AL252020,2020,GAMMA,2,1,0.72
AL262020,2020,DELTA,2,4,0.72
AL272020,2020,EPSILON,0,3,0.72
AL282020,2020,ZETA,2,3,0.72
AL292020,2020,ETA,4,4,0.72
AL302020,2020,THETA,0,0,0.72
AL312020,2020,IOTA,1,4,0.72
AL012021,2021,ANA,0,0,0.63
AL022021,2021,BILL,0,0,0.63
AL032021,2021,CLAUDETTE,1,0,0.63
AL042021,2021,DANNY,1,0,0.63
AL052021,2021,ELSA,4,1,0.63
AL062021,2021,FRED,2,0,0.63
AL072021,2021,GRACE,4,3,0.63
AL082021,2021,HENRI,2,1,0.63
AL092021,2021,IDA,3,4,0.63
AL102021,2021,KATE,0,0,0.63
AL112021,2021,JULIAN,0,0,0.63
AL122021,2021,LARRY,1,3,0.63
AL132021,2021,MINDY,1,0,0.63
AL142021,2021,NICHOLAS,1,1,0.63
AL152021,2021,ODETTE,0,0,0.63
AL162021,2021,PETER,0,0,0.63
AL172021,2021,ROSE,0,0,0.63
AL182021,2021,SAM,0,4,0.63
AL192021,2021,TERESA,0,0,0.63
AL202021,2021,VICTOR,0,0,0.63
AL212021,2021,WANDA,0,0,0.63
AL012022,2022,ALEX,0,0,0.67
AL022022,2022,BONNIE,1,3,0.67
AL032022,2022,COLIN,0,0,0.67
AL052022,2022,DANIELLE,0,1,0.67
AL062022,2022,EARL,0,2,0.67
AL072022,2022,FIONA,6,4,0.67
AL082022,2022,GASTON,0,0,0.67
AL092022,2022,IAN,5,5,0.67
AL102022,2022,HERMINE,0,0,0.67
AL112022,2022,ELEVEN,0,0,0.67
AL122022,2022,TWELVE,0,0,0.67
AL132022,2022,JULIA,4,1,0.67
AL142022,2022,KARL,0,0,0.67
AL152022,2022,LISA,1,1,0.67
AL162022,2022,MARTIN,0,1,0.67
AL172022,2022,NICOLE,5,1,0.67
