,Code,Year,Name,Landfall Counts,Max Category Rating
0,AL021851,1851,UNNAMED,0,0
1,AL031851,1851,UNNAMED,0,0
2,AL041851,1851,UNNAMED,1,3
3,AL051851,1851,UNNAMED,0,0
4,AL061851,1851,UNNAMED,1,0
5,AL011852,1852,UNNAMED,1,3
6,AL021852,1852,UNNAMED,0,1
7,AL031852,1852,UNNAMED,1,1
8,AL041852,1852,UNNAMED,0,2
9,AL051852,1852,UNNAMED,1,2
10,AL011853,1853,UNNAMED,0,0
11,AL021853,1853,UNNAMED,0,0
12,AL031853,1853,UNNAMED,0,4
13,AL041853,1853,UNNAMED,0,3
14,AL051853,1853,UNNAMED,0,0
15,AL061853,1853,UNNAMED,0,1
16,AL071853,1853,UNNAMED,0,1
17,AL081853,1853,UNNAMED,0,2
18,AL011854,1854,UNNAMED,1,1
19,AL021854,1854,UNNAMED,0,3
20,AL031854,1854,UNNAMED,1,3
21,AL041854,1854,UNNAMED,1,2
22,AL051854,1854,UNNAMED,0,2
23,AL011855,1855,UNNAMED,0,2
24,AL021855,1855,UNNAMED,0,2
25,AL031855,1855,UNNAMED,0,0
26,AL041855,1855,UNNAMED,0,1
27,AL051855,1855,UNNAMED,1,3
28,AL011856,1856,UNNAMED,1,4
29,AL021856,1856,UNNAMED,0,1
30,AL031856,1856,UNNAMED,1,0
31,AL041856,1856,UNNAMED,0,1
32,AL051856,1856,UNNAMED,1,3
33,AL061856,1856,UNNAMED,0,1
34,AL011857,1857,UNNAMED,0,0
35,AL021857,1857,UNNAMED,1,2
36,AL031857,1857,UNNAMED,0,1
37,AL041857,1857,UNNAMED,1,2
38,AL011858,1858,UNNAMED,0,1
39,AL021858,1858,UNNAMED,0,0
40,AL031858,1858,UNNAMED,3,2
41,AL041858,1858,UNNAMED,0,1
42,AL051858,1858,UNNAMED,0,1
43,AL061858,1858,UNNAMED,0,2
44,AL011859,1859,UNNAMED,0,2
45,AL021859,1859,UNNAMED,0,2
46,AL031859,1859,UNNAMED,0,2
47,AL041859,1859,UNNAMED,0,2
48,AL051859,1859,UNNAMED,1,1
49,AL061859,1859,UNNAMED,0,3
50,AL071859,1859,UNNAMED,1,0
51,AL081859,1859,UNNAMED,1,1
52,AL011860,1860,UNNAMED,1,3
53,AL021860,1860,UNNAMED,0,2
54,AL041860,1860,UNNAMED,1,2
55,AL031860,1860,UNNAMED,0,0
56,AL051860,1860,UNNAMED,0,0
57,AL061860,1860,UNNAMED,1,2
58,AL071860,1860,UNNAMED,0,2
59,AL011861,1861,UNNAMED,0,2
60,AL021861,1861,UNNAMED,0,1
61,AL031861,1861,UNNAMED,0,2
62,AL041861,1861,UNNAMED,0,1
63,AL051861,1861,UNNAMED,1,1
64,AL061861,1861,UNNAMED,1,0
65,AL071861,1861,UNNAMED,0,0
66,AL081861,1861,UNNAMED,3,1
67,AL011862,1862,UNNAMED,0,2
68,AL021862,1862,UNNAMED,0,2
69,AL031862,1862,UNNAMED,0,2
70,AL041862,1862,UNNAMED,0,1
71,AL051862,1862,UNNAMED,0,1
72,AL061862,1862,UNNAMED,0,2
73,AL011863,1863,UNNAMED,0,2
74,AL021863,1863,UNNAMED,0,2
75,AL031863,1863,UNNAMED,0,2
76,AL041863,1863,UNNAMED,0,2
77,AL051863,1863,UNNAMED,0,1
78,AL061863,1863,UNNAMED,1,0
79,AL071863,1863,UNNAMED,0,0
80,AL081863,1863,UNNAMED,0,0
81,AL091863,1863,UNNAMED,1,1
82,AL011864,1864,UNNAMED,0,1
83,AL021864,1864,UNNAMED,0,1
84,AL031864,1864,UNNAMED,0,1
85,AL041864,1864,UNNAMED,0,0
86,AL051864,1864,UNNAMED,0,1
87,AL011865,1865,UNNAMED,1,0
88,AL021865,1865,UNNAMED,0,0
89,AL031865,1865,UNNAMED,0,2
90,AL041865,1865,UNNAMED,2,2
91,AL051865,1865,UNNAMED,0,1
92,AL061865,1865,UNNAMED,0,0
93,AL071865,1865,UNNAMED,2,2
94,AL011866,1866,UNNAMED,1,2
95,AL021866,1866,UNNAMED,0,2
96,AL031866,1866,UNNAMED,0,1
97,AL041866,1866,UNNAMED,0,2
98,AL051866,1866,UNNAMED,0,2
99,AL061866,1866,UNNAMED,0,4
100,AL071866,1866,UNNAMED,0,0
101,AL011867,1867,UNNAMED,1,1
102,AL021867,1867,UNNAMED,0,2
103,AL031867,1867,UNNAMED,0,1
104,AL041867,1867,UNNAMED,0,1
105,AL051867,1867,UNNAMED,0,1
106,AL061867,1867,UNNAMED,0,2
107,AL071867,1867,UNNAMED,2,2
108,AL081867,1867,UNNAMED,0,0
109,AL091867,1867,UNNAMED,0,3
110,AL011868,1868,UNNAMED,0,2
111,AL021868,1868,UNNAMED,1,2
112,AL031868,1868,UNNAMED,0,2
113,AL041868,1868,UNNAMED,0,2
114,AL011869,1869,UNNAMED,0,2
115,AL021869,1869,UNNAMED,1,2
116,AL031869,1869,UNNAMED,0,1
117,AL041869,1869,UNNAMED,0,1
118,AL051869,1869,UNNAMED,1,2
119,AL061869,1869,UNNAMED,2,3
120,AL071869,1869,UNNAMED,0,2
121,AL081869,1869,UNNAMED,0,0
122,AL091869,1869,UNNAMED,0,2
123,AL101869,1869,UNNAMED,4,2
124,AL011870,1870,UNNAMED,0,0
125,AL021870,1870,UNNAMED,0,2
126,AL031870,1870,UNNAMED,0,1
127,AL041870,1870,UNNAMED,0,3
128,AL051870,1870,UNNAMED,0,1
129,AL061870,1870,UNNAMED,0,3
130,AL071870,1870,UNNAMED,0,1
131,AL081870,1870,UNNAMED,0,2
132,AL091870,1870,UNNAMED,2,2
133,AL101870,1870,UNNAMED,0,0
134,AL111870,1870,UNNAMED,0,1
135,AL011871,1871,UNNAMED,1,0
136,AL021871,1871,UNNAMED,1,1
137,AL031871,1871,UNNAMED,2,3
138,AL041871,1871,UNNAMED,1,3
139,AL051871,1871,UNNAMED,0,2
140,AL061871,1871,UNNAMED,1,1
141,AL071871,1871,UNNAMED,1,1
142,AL081871,1871,UNNAMED,0,1
143,AL011872,1872,UNNAMED,2,0
144,AL021872,1872,UNNAMED,0,2
145,AL031872,1872,UNNAMED,0,1
146,AL041872,1872,UNNAMED,0,1
147,AL051872,1872,UNNAMED,2,1
148,AL011873,1873,UNNAMED,1,0
149,AL021873,1873,UNNAMED,0,3
150,AL031873,1873,UNNAMED,1,1
151,AL041873,1873,UNNAMED,1,0
152,AL051873,1873,UNNAMED,1,3
153,AL011874,1874,UNNAMED,1,0
154,AL021874,1874,UNNAMED,0,1
155,AL031874,1874,UNNAMED,0,1
156,AL041874,1874,UNNAMED,0,0
157,AL051874,1874,UNNAMED,0,0
158,AL061874,1874,UNNAMED,2,1
159,AL071874,1874,UNNAMED,0,2
160,AL011875,1875,UNNAMED,0,1
161,AL021875,1875,UNNAMED,0,1
162,AL031875,1875,UNNAMED,1,3
163,AL041875,1875,UNNAMED,1,1
164,AL051875,1875,UNNAMED,0,2
165,AL061875,1875,UNNAMED,0,1
166,AL011876,1876,UNNAMED,0,1
167,AL021876,1876,UNNAMED,1,3
168,AL031876,1876,UNNAMED,0,0
169,AL041876,1876,UNNAMED,0,2
170,AL051876,1876,UNNAMED,1,3
171,AL011877,1877,UNNAMED,0,0
172,AL021877,1877,UNNAMED,2,1
173,AL031877,1877,UNNAMED,0,1
174,AL041877,1877,UNNAMED,1,3
175,AL051877,1877,UNNAMED,0,0
176,AL061877,1877,UNNAMED,0,0
177,AL071877,1877,UNNAMED,1,0
178,AL081877,1877,UNNAMED,0,0
179,AL011878,1878,UNNAMED,1,0
180,AL021878,1878,UNNAMED,0,1
181,AL031878,1878,UNNAMED,0,1
182,AL041878,1878,UNNAMED,0,2
183,AL051878,1878,UNNAMED,4,2
184,AL061878,1878,UNNAMED,0,2
185,AL071878,1878,UNNAMED,0,4
186,AL081878,1878,UNNAMED,1,1
187,AL091878,1878,UNNAMED,0,1
188,AL101878,1878,UNNAMED,0,3
189,AL111878,1878,UNNAMED,1,2
190,AL121878,1878,UNNAMED,0,0
191,AL011879,1879,UNNAMED,0,1
192,AL021879,1879,UNNAMED,2,3
193,AL031879,1879,UNNAMED,1,2
194,AL041879,1879,UNNAMED,1,3
195,AL051879,1879,UNNAMED,1,0
196,AL061879,1879,UNNAMED,1,0
197,AL071879,1879,UNNAMED,1,1
198,AL081879,1879,UNNAMED,0,2
199,AL011880,1880,UNNAMED,1,0
200,AL021880,1880,UNNAMED,1,4
201,AL031880,1880,UNNAMED,0,1
202,AL041880,1880,UNNAMED,2,2
203,AL051880,1880,UNNAMED,0,1
204,AL061880,1880,UNNAMED,2,1
205,AL071880,1880,UNNAMED,0,1
206,AL081880,1880,UNNAMED,0,4
207,AL091880,1880,UNNAMED,1,1
208,AL101880,1880,UNNAMED,0,1
209,AL111880,1880,UNNAMED,2,0
210,AL011881,1881,UNNAMED,1,1
211,AL031881,1881,UNNAMED,0,1
212,AL021881,1881,UNNAMED,1,0
213,AL041881,1881,UNNAMED,0,1
214,AL051881,1881,UNNAMED,1,2
215,AL061881,1881,UNNAMED,1,2
216,AL071881,1881,UNNAMED,0,1
217,AL011882,1882,UNNAMED,0,1
218,AL021882,1882,UNNAMED,1,3
219,AL031882,1882,UNNAMED,1,0
220,AL041882,1882,UNNAMED,2,0
221,AL051882,1882,UNNAMED,0,1
222,AL061882,1882,UNNAMED,1,4
223,AL011883,1883,UNNAMED,0,1
224,AL021883,1883,UNNAMED,0,3
225,AL031883,1883,UNNAMED,1,3
226,AL041883,1883,UNNAMED,0,1
227,AL011884,1884,UNNAMED,0,1
228,AL021884,1884,UNNAMED,0,3
229,AL031884,1884,UNNAMED,1,1
230,AL041884,1884,UNNAMED,0,2
231,AL011885,1885,UNNAMED,0,1
232,AL021885,1885,UNNAMED,1,2
233,AL031885,1885,UNNAMED,1,0
234,AL041885,1885,UNNAMED,2,1
235,AL051885,1885,UNNAMED,0,1
236,AL061885,1885,UNNAMED,1,1
237,AL071885,1885,UNNAMED,0,1
238,AL081885,1885,UNNAMED,1,0
239,AL011886,1886,UNNAMED,1,2
240,AL021886,1886,UNNAMED,1,2
241,AL031886,1886,UNNAMED,1,2
242,AL041886,1886,UNNAMED,1,1
243,AL051886,1886,UNNAMED,1,4
244,AL061886,1886,UNNAMED,0,3
245,AL071886,1886,UNNAMED,0,3
246,AL081886,1886,UNNAMED,0,2
247,AL091886,1886,UNNAMED,0,2
248,AL101886,1886,UNNAMED,1,3
249,AL111886,1886,UNNAMED,0,0
250,AL121886,1886,UNNAMED,0,0
251,AL011887,1887,UNNAMED,0,0
252,AL021887,1887,UNNAMED,0,0
253,AL031887,1887,UNNAMED,1,0
254,AL041887,1887,UNNAMED,1,2
255,AL051887,1887,UNNAMED,0,0
256,AL061887,1887,UNNAMED,0,3
257,AL071887,1887,UNNAMED,0,3
258,AL081887,1887,UNNAMED,0,2
259,AL091887,1887,UNNAMED,1,2
260,AL101887,1887,UNNAMED,0,1
261,AL111887,1887,UNNAMED,0,0
262,AL121887,1887,UNNAMED,0,0
263,AL131887,1887,UNNAMED,1,1
264,AL141887,1887,UNNAMED,0,1
265,AL151887,1887,UNNAMED,0,2
266,AL161887,1887,UNNAMED,1,1
267,AL171887,1887,UNNAMED,0,1
268,AL181887,1887,UNNAMED,0,1
269,AL191887,1887,UNNAMED,0,0
270,AL011888,1888,UNNAMED,1,1
271,AL021888,1888,UNNAMED,1,0
272,AL031888,1888,UNNAMED,2,3
273,AL041888,1888,UNNAMED,0,3
274,AL051888,1888,UNNAMED,1,0
275,AL061888,1888,UNNAMED,1,1
276,AL071888,1888,UNNAMED,2,2
277,AL081888,1888,UNNAMED,0,0
278,AL091888,1888,UNNAMED,0,2
279,AL011889,1889,UNNAMED,0,1
280,AL021889,1889,UNNAMED,1,1
281,AL031889,1889,UNNAMED,0,1
282,AL041889,1889,UNNAMED,0,2
283,AL051889,1889,UNNAMED,0,1
284,AL061889,1889,UNNAMED,2,2
285,AL071889,1889,UNNAMED,0,0
286,AL081889,1889,UNNAMED,0,0
287,AL091889,1889,UNNAMED,2,0
288,AL011890,1890,UNNAMED,0,0
289,AL021890,1890,UNNAMED,1,2
290,AL031890,1890,UNNAMED,0,3
291,AL041890,1890,UNNAMED,0,1
292,AL011891,1891,UNNAMED,1,1
293,AL021891,1891,UNNAMED,0,2
294,AL031891,1891,UNNAMED,1,3
295,AL041891,1891,UNNAMED,0,2
296,AL051891,1891,UNNAMED,0,2
297,AL061891,1891,UNNAMED,0,2
298,AL071891,1891,UNNAMED,1,0
299,AL081891,1891,UNNAMED,0,0
300,AL091891,1891,UNNAMED,0,1
301,AL101891,1891,UNNAMED,0,0
302,AL011892,1892,UNNAMED,1,0
303,AL021892,1892,UNNAMED,0,1
304,AL031892,1892,UNNAMED,0,2
305,AL041892,1892,UNNAMED,1,0
306,AL051892,1892,UNNAMED,0,2
307,AL061892,1892,UNNAMED,0,0
308,AL071892,1892,UNNAMED,0,2
309,AL081892,1892,UNNAMED,0,1
310,AL091892,1892,UNNAMED,1,0
311,AL011893,1893,UNNAMED,1,1
312,AL021893,1893,UNNAMED,0,2
313,AL031893,1893,UNNAMED,0,3
314,AL041893,1893,UNNAMED,1,3
315,AL051893,1893,UNNAMED,0,2
316,AL061893,1893,UNNAMED,1,3
317,AL071893,1893,UNNAMED,0,2
318,AL081893,1893,UNNAMED,1,2
319,AL091893,1893,UNNAMED,1,3
320,AL101893,1893,UNNAMED,2,4
321,AL111893,1893,UNNAMED,2,0
322,AL121893,1893,UNNAMED,0,0
323,AL011894,1894,UNNAMED,0,0
324,AL021894,1894,UNNAMED,1,0
325,AL031894,1894,UNNAMED,0,3
326,AL041894,1894,UNNAMED,4,3
327,AL051894,1894,UNNAMED,2,3
328,AL061894,1894,UNNAMED,0,4
329,AL071894,1894,UNNAMED,0,2
330,AL011895,1895,UNNAMED,2,0
331,AL021895,1895,UNNAMED,0,2
332,AL031895,1895,UNNAMED,0,0
333,AL041895,1895,UNNAMED,1,0
334,AL051895,1895,UNNAMED,0,2
335,AL061895,1895,UNNAMED,1,0
336,AL011896,1896,UNNAMED,1,2
337,AL021896,1896,UNNAMED,1,3
338,AL031896,1896,UNNAMED,0,2
339,AL041896,1896,UNNAMED,1,3
340,AL051896,1896,UNNAMED,1,2
341,AL061896,1896,UNNAMED,0,2
342,AL071896,1896,UNNAMED,0,0
343,AL011897,1897,UNNAMED,0,2
344,AL021897,1897,UNNAMED,2,1
345,AL031897,1897,UNNAMED,4,0
346,AL041897,1897,UNNAMED,0,0
347,AL051897,1897,UNNAMED,1,1
348,AL061897,1897,UNNAMED,1,0
349,AL011898,1898,UNNAMED,1,1
350,AL021898,1898,UNNAMED,1,1
351,AL031898,1898,UNNAMED,0,1
352,AL041898,1898,UNNAMED,0,2
353,AL051898,1898,UNNAMED,1,0
354,AL061898,1898,UNNAMED,1,0
355,AL071898,1898,UNNAMED,1,4
356,AL081898,1898,UNNAMED,0,0
357,AL091898,1898,UNNAMED,0,0
358,AL101898,1898,UNNAMED,0,0
359,AL111898,1898,UNNAMED,0,0
360,AL011899,1899,UNNAMED,1,1
361,AL021899,1899,UNNAMED,2,2
362,AL031899,1899,UNNAMED,1,4
363,AL041899,1899,UNNAMED,0,2
364,AL051899,1899,UNNAMED,0,3
365,AL061899,1899,UNNAMED,1,0
366,AL071899,1899,UNNAMED,0,0
367,AL081899,1899,UNNAMED,0,0
368,AL091899,1899,UNNAMED,1,2
369,AL101899,1899,UNNAMED,0,0
370,AL011900,1900,UNNAMED,1,4
371,AL021900,1900,UNNAMED,0,3
372,AL031900,1900,UNNAMED,0,2
373,AL041900,1900,UNNAMED,2,0
374,AL051900,1900,UNNAMED,0,0
375,AL061900,1900,UNNAMED,1,0
376,AL071900,1900,UNNAMED,0,0
377,AL011901,1901,UNNAMED,1,0
378,AL021901,1901,UNNAMED,1,0
379,AL031901,1901,UNNAMED,2,1
380,AL041901,1901,UNNAMED,3,1
381,AL051901,1901,UNNAMED,0,0
382,AL061901,1901,UNNAMED,0,1
383,AL071901,1901,UNNAMED,0,2
384,AL081901,1901,UNNAMED,1,1
385,AL091901,1901,UNNAMED,0,0
386,AL101901,1901,UNNAMED,1,0
387,AL111901,1901,UNNAMED,0,0
388,AL121901,1901,UNNAMED,0,0
389,AL131901,1901,UNNAMED,0,1
390,AL011902,1902,UNNAMED,1,0
391,AL021902,1902,UNNAMED,1,1
392,AL031902,1902,UNNAMED,0,2
393,AL041902,1902,UNNAMED,1,2
394,AL051902,1902,UNNAMED,0,0
395,AL011903,1903,UNNAMED,0,1
396,AL021903,1903,UNNAMED,0,3
397,AL031903,1903,UNNAMED,2,1
398,AL041903,1903,UNNAMED,1,2
399,AL051903,1903,UNNAMED,0,0
400,AL061903,1903,UNNAMED,0,2
401,AL071903,1903,UNNAMED,0,2
402,AL081903,1903,UNNAMED,0,0
403,AL091903,1903,UNNAMED,0,0
404,AL101903,1903,UNNAMED,0,1
405,AL011904,1904,UNNAMED,0,1
406,AL021904,1904,UNNAMED,1,1
407,AL031904,1904,UNNAMED,0,1
408,AL041904,1904,UNNAMED,2,1
409,AL051904,1904,UNNAMED,0,0
410,AL061904,1904,UNNAMED,1,0
411,AL011905,1905,UNNAMED,0,0
412,AL021905,1905,UNNAMED,0,0
413,AL031905,1905,UNNAMED,1,0
414,AL041905,1905,UNNAMED,0,3
415,AL051905,1905,UNNAMED,1,0
416,AL011906,1906,UNNAMED,1,0
417,AL021906,1906,UNNAMED,2,2
418,AL031906,1906,UNNAMED,0,0
419,AL041906,1906,UNNAMED,0,4
420,AL051906,1906,UNNAMED,1,1
421,AL061906,1906,UNNAMED,1,3
422,AL071906,1906,UNNAMED,0,0
423,AL081906,1906,UNNAMED,3,3
424,AL091906,1906,UNNAMED,0,0
425,AL101906,1906,UNNAMED,0,0
426,AL111906,1906,UNNAMED,0,1
427,AL011907,1907,UNNAMED,1,0
428,AL021907,1907,UNNAMED,1,0
429,AL031907,1907,UNNAMED,1,0
430,AL041907,1907,UNNAMED,0,0
431,AL051907,1907,UNNAMED,0,0
432,AL011908,1908,UNNAMED,0,2
433,AL021908,1908,UNNAMED,2,1
434,AL031908,1908,UNNAMED,1,1
435,AL041908,1908,UNNAMED,1,0
436,AL051908,1908,UNNAMED,1,0
437,AL061908,1908,UNNAMED,0,3
438,AL071908,1908,UNNAMED,0,0
439,AL081908,1908,UNNAMED,0,2
440,AL091908,1908,UNNAMED,0,2
441,AL101908,1908,UNNAMED,0,0
442,AL011909,1909,UNNAMED,0,0
443,AL021909,1909,UNNAMED,1,2
444,AL031909,1909,UNNAMED,2,0
445,AL041909,1909,UNNAMED,1,3
446,AL051909,1909,UNNAMED,0,0
447,AL061909,1909,UNNAMED,0,3
448,AL071909,1909,UNNAMED,0,0
449,AL081909,1909,UNNAMED,1,0
450,AL091909,1909,UNNAMED,1,3
451,AL101909,1909,UNNAMED,0,0
452,AL111909,1909,UNNAMED,1,3
453,AL121909,1909,UNNAMED,0,2
454,AL011910,1910,UNNAMED,0,0
455,AL021910,1910,UNNAMED,0,0
456,AL031910,1910,UNNAMED,1,2
457,AL041910,1910,UNNAMED,0,2
458,AL051910,1910,UNNAMED,1,4
459,AL011911,1911,UNNAMED,0,0
460,AL021911,1911,UNNAMED,1,1
461,AL031911,1911,UNNAMED,1,2
462,AL041911,1911,UNNAMED,0,2
463,AL051911,1911,UNNAMED,0,0
464,AL061911,1911,UNNAMED,0,0
465,AL011912,1912,UNNAMED,1,0
466,AL021912,1912,UNNAMED,1,0
467,AL031912,1912,UNNAMED,0,0
468,AL041912,1912,UNNAMED,1,1
469,AL051912,1912,UNNAMED,0,1
470,AL061912,1912,UNNAMED,1,2
471,AL071912,1912,UNNAMED,0,3
472,AL011913,1913,UNNAMED,1,1
473,AL021913,1913,UNNAMED,0,0
474,AL031913,1913,UNNAMED,0,0
475,AL041913,1913,UNNAMED,1,1
476,AL051913,1913,UNNAMED,1,1
477,AL061913,1913,UNNAMED,0,1
478,AL011914,1914,UNNAMED,1,0
479,AL011915,1915,UNNAMED,1,1
480,AL021915,1915,UNNAMED,1,4
481,AL031915,1915,UNNAMED,0,3
482,AL041915,1915,UNNAMED,1,2
483,AL051915,1915,UNNAMED,0,0
484,AL061915,1915,UNNAMED,1,4
485,AL011916,1916,UNNAMED,1,0
486,AL021916,1916,UNNAMED,1,3
487,AL031916,1916,UNNAMED,1,2
488,AL041916,1916,UNNAMED,1,3
489,AL051916,1916,UNNAMED,0,0
490,AL061916,1916,UNNAMED,1,4
491,AL071916,1916,UNNAMED,1,2
492,AL081916,1916,UNNAMED,0,1
493,AL091916,1916,UNNAMED,1,0
494,AL101916,1916,UNNAMED,0,1
495,AL111916,1916,UNNAMED,0,3
496,AL121916,1916,UNNAMED,1,0
497,AL131916,1916,UNNAMED,0,3
498,AL141916,1916,UNNAMED,1,2
499,AL151916,1916,UNNAMED,0,0
500,AL011917,1917,UNNAMED,0,0
501,AL021917,1917,UNNAMED,0,0
502,AL031917,1917,UNNAMED,0,3
503,AL041917,1917,UNNAMED,1,4
504,AL011918,1918,UNNAMED,1,3
505,AL021918,1918,UNNAMED,0,2
506,AL031918,1918,UNNAMED,1,1
507,AL041918,1918,UNNAMED,0,0
508,AL051918,1918,UNNAMED,0,2
509,AL061918,1918,UNNAMED,0,0
510,AL011919,1919,UNNAMED,1,0
511,AL031919,1919,UNNAMED,0,2
512,AL021919,1919,UNNAMED,2,4
513,AL041919,1919,UNNAMED,1,0
514,AL051919,1919,UNNAMED,0,0
515,AL011920,1920,UNNAMED,0,2
516,AL021920,1920,UNNAMED,1,2
517,AL031920,1920,UNNAMED,1,1
518,AL041920,1920,UNNAMED,0,0
519,AL051920,1920,UNNAMED,1,1
520,AL011921,1921,UNNAMED,1,1
521,AL021921,1921,UNNAMED,0,1
522,AL031921,1921,UNNAMED,0,3
523,AL041921,1921,UNNAMED,0,1
524,AL051921,1921,UNNAMED,0,1
525,AL061921,1921,UNNAMED,1,4
526,AL071921,1921,UNNAMED,0,0
527,AL011922,1922,UNNAMED,0,0
528,AL021922,1922,UNNAMED,0,3
529,AL031922,1922,UNNAMED,0,1
530,AL041922,1922,UNNAMED,0,2
531,AL051922,1922,UNNAMED,0,0
532,AL011923,1923,UNNAMED,1,0
533,AL021923,1923,UNNAMED,0,2
534,AL031923,1923,UNNAMED,0,0
535,AL041923,1923,UNNAMED,0,1
536,AL051923,1923,UNNAMED,0,3
537,AL061923,1923,UNNAMED,1,1
538,AL071923,1923,UNNAMED,1,0
539,AL081923,1923,UNNAMED,1,0
540,AL091923,1923,UNNAMED,0,0
541,AL011924,1924,UNNAMED,0,0
542,AL021924,1924,UNNAMED,0,0
543,AL031924,1924,UNNAMED,0,3
544,AL041924,1924,UNNAMED,0,2
545,AL051924,1924,UNNAMED,1,1
546,AL061924,1924,UNNAMED,0,0
547,AL071924,1924,UNNAMED,0,0
548,AL081924,1924,UNNAMED,1,1
549,AL091924,1924,UNNAMED,0,0
550,AL101924,1924,UNNAMED,1,5
551,AL111924,1924,UNNAMED,0,1
552,AL011925,1925,UNNAMED,0,1
553,AL021925,1925,UNNAMED,0,0
554,AL031925,1925,UNNAMED,0,0
555,AL041925,1925,UNNAMED,1,1
556,AL011926,1926,UNNAMED,1,4
557,AL021926,1926,UNNAMED,0,3
558,AL031926,1926,UNNAMED,1,3
559,AL041926,1926,UNNAMED,0,4
560,AL051926,1926,UNNAMED,0,2
561,AL061926,1926,UNNAMED,0,0
562,AL071926,1926,UNNAMED,2,4
563,AL081926,1926,UNNAMED,0,2
564,AL091926,1926,UNNAMED,0,0
565,AL101926,1926,UNNAMED,0,4
566,AL111926,1926,UNNAMED,0,0
567,AL011927,1927,UNNAMED,0,3
568,AL021927,1927,UNNAMED,0,1
569,AL031927,1927,UNNAMED,0,1
570,AL041927,1927,UNNAMED,0,2
571,AL051927,1927,UNNAMED,1,0
572,AL061927,1927,UNNAMED,0,0
573,AL071927,1927,UNNAMED,0,0
574,AL081927,1927,UNNAMED,0,0
575,AL011928,1928,UNNAMED,2,2
576,AL021928,1928,UNNAMED,2,1
577,AL031928,1928,UNNAMED,0,0
578,AL041928,1928,UNNAMED,2,5
579,AL051928,1928,UNNAMED,0,0
580,AL061928,1928,UNNAMED,0,1
581,AL011929,1929,UNNAMED,1,1
582,AL021929,1929,UNNAMED,2,4
583,AL031929,1929,UNNAMED,0,0
584,AL041929,1929,UNNAMED,0,0
585,AL051929,1929,UNNAMED,0,1
586,AL011930,1930,UNNAMED,0,3
587,AL021930,1930,UNNAMED,1,4
588,AL031930,1930,UNNAMED,0,0
589,AL011931,1931,UNNAMED,1,0
590,AL021931,1931,UNNAMED,1,0
591,AL031931,1931,UNNAMED,0,0
592,AL041931,1931,UNNAMED,0,0
593,AL051931,1931,UNNAMED,0,0
594,AL061931,1931,UNNAMED,0,4
595,AL071931,1931,UNNAMED,0,2
596,AL081931,1931,UNNAMED,0,1
597,AL091931,1931,UNNAMED,0,0
598,AL101931,1931,UNNAMED,0,0
599,AL111931,1931,UNNAMED,0,0
600,AL121931,1931,UNNAMED,0,0
601,AL131931,1931,UNNAMED,0,0
602,AL011932,1932,UNNAMED,0,0
603,AL021932,1932,UNNAMED,1,4
604,AL031932,1932,UNNAMED,2,1
605,AL041932,1932,UNNAMED,0,5
606,AL051932,1932,UNNAMED,0,0
607,AL061932,1932,UNNAMED,1,1
608,AL071932,1932,UNNAMED,0,0
609,AL081932,1932,UNNAMED,1,0
610,AL091932,1932,UNNAMED,0,4
611,AL101932,1932,UNNAMED,0,0
612,AL111932,1932,UNNAMED,0,0
613,AL121932,1932,UNNAMED,0,0
614,AL131932,1932,UNNAMED,0,0
615,AL141932,1932,UNNAMED,0,5
616,AL151932,1932,UNNAMED,0,2
617,AL011933,1933,UNNAMED,0,0
618,AL021933,1933,UNNAMED,0,2
619,AL031933,1933,UNNAMED,1,0
620,AL041933,1933,UNNAMED,0,0
621,AL051933,1933,UNNAMED,1,1
622,AL061933,1933,UNNAMED,2,4
623,AL071933,1933,UNNAMED,0,0
624,AL081933,1933,UNNAMED,1,5
625,AL091933,1933,UNNAMED,0,0
626,AL101933,1933,UNNAMED,0,0
627,AL111933,1933,UNNAMED,2,4
628,AL121933,1933,UNNAMED,0,4
629,AL131933,1933,UNNAMED,0,2
630,AL141933,1933,UNNAMED,0,5
631,AL151933,1933,UNNAMED,0,1
632,AL161933,1933,UNNAMED,0,0
633,AL171933,1933,UNNAMED,0,3
634,AL181933,1933,UNNAMED,0,1
635,AL191933,1933,UNNAMED,0,1
636,AL201933,1933,UNNAMED,0,0
637,AL011934,1934,UNNAMED,1,2
638,AL021934,1934,UNNAMED,0,1
639,AL031934,1934,UNNAMED,1,1
640,AL041934,1934,UNNAMED,0,0
641,AL051934,1934,UNNAMED,0,1
642,AL061934,1934,UNNAMED,1,0
643,AL071934,1934,UNNAMED,2,2
644,AL081934,1934,UNNAMED,0,0
645,AL091934,1934,UNNAMED,0,0
646,AL101934,1934,UNNAMED,0,2
647,AL111934,1934,UNNAMED,1,0
648,AL121934,1934,UNNAMED,0,0
649,AL131934,1934,UNNAMED,0,3
650,AL011935,1935,UNNAMED,0,0
651,AL021935,1935,UNNAMED,0,4
652,AL031935,1935,UNNAMED,2,5
653,AL041935,1935,UNNAMED,0,0
654,AL051935,1935,UNNAMED,0,4
655,AL061935,1935,UNNAMED,0,1
656,AL071935,1935,UNNAMED,1,2
657,AL081935,1935,UNNAMED,0,0
658,AL011936,1936,UNNAMED,1,0
659,AL021936,1936,UNNAMED,0,0
660,AL031936,1936,UNNAMED,1,1
661,AL041936,1936,UNNAMED,1,0
662,AL051936,1936,UNNAMED,2,2
663,AL061936,1936,UNNAMED,0,0
664,AL071936,1936,UNNAMED,0,0
665,AL081936,1936,UNNAMED,0,1
666,AL091936,1936,UNNAMED,1,0
667,AL101936,1936,UNNAMED,0,2
668,AL111936,1936,UNNAMED,0,1
669,AL121936,1936,UNNAMED,0,0
670,AL131936,1936,UNNAMED,0,3
671,AL141936,1936,UNNAMED,0,0
672,AL151936,1936,UNNAMED,0,2
673,AL161936,1936,UNNAMED,0,0
674,AL171936,1936,UNNAMED,0,0
675,AL011937,1937,UNNAMED,1,0
676,AL021937,1937,UNNAMED,0,0
677,AL031937,1937,UNNAMED,1,0
678,AL041937,1937,UNNAMED,0,2
679,AL051937,1937,UNNAMED,0,0
680,AL061937,1937,UNNAMED,0,3
681,AL071937,1937,UNNAMED,2,1
682,AL081937,1937,UNNAMED,0,2
683,AL091937,1937,UNNAMED,0,1
684,AL101937,1937,UNNAMED,2,0
685,AL111937,1937,UNNAMED,0,1
686,AL011938,1938,UNNAMED,0,1
687,AL021938,1938,UNNAMED,0,0
688,AL031938,1938,UNNAMED,1,2
689,AL041938,1938,UNNAMED,0,3
690,AL051938,1938,UNNAMED,0,0
691,AL061938,1938,UNNAMED,2,5
692,AL071938,1938,UNNAMED,1,0
693,AL081938,1938,UNNAMED,0,0
694,AL091938,1938,UNNAMED,0,0
695,AL011939,1939,UNNAMED,1,0
696,AL021939,1939,UNNAMED,2,1
697,AL031939,1939,UNNAMED,0,0
698,AL041939,1939,UNNAMED,1,0
699,AL051939,1939,UNNAMED,0,4
700,AL061939,1939,UNNAMED,0,1
701,AL011940,1940,UNNAMED,0,0
702,AL021940,1940,UNNAMED,1,2
703,AL031940,1940,UNNAMED,1,2
704,AL041940,1940,UNNAMED,0,2
705,AL051940,1940,UNNAMED,0,2
706,AL061940,1940,UNNAMED,1,0
707,AL071940,1940,UNNAMED,0,2
708,AL081940,1940,UNNAMED,0,1
709,AL091940,1940,UNNAMED,0,1
710,AL011941,1941,UNNAMED,0,0
711,AL021941,1941,UNNAMED,1,3
712,AL031941,1941,UNNAMED,0,1
713,AL041941,1941,UNNAMED,0,4
714,AL051941,1941,UNNAMED,3,3
715,AL061941,1941,UNNAMED,1,0
716,AL011942,1942,UNNAMED,0,0
717,AL021942,1942,UNNAMED,1,1
718,AL031942,1942,UNNAMED,1,3
719,AL041942,1942,UNNAMED,0,2
720,AL051942,1942,UNNAMED,0,0
721,AL061942,1942,UNNAMED,0,0
722,AL071942,1942,UNNAMED,0,0
723,AL081942,1942,UNNAMED,0,0
724,AL091942,1942,UNNAMED,0,0
725,AL101942,1942,UNNAMED,0,0
726,AL111942,1942,UNNAMED,0,2
727,AL011943,1943,UNNAMED,1,2
728,AL021943,1943,UNNAMED,0,0
729,AL031943,1943,UNNAMED,0,4
730,AL041943,1943,UNNAMED,0,3
731,AL051943,1943,UNNAMED,0,0
732,AL061943,1943,UNNAMED,0,2
733,AL071943,1943,UNNAMED,1,0
734,AL081943,1943,UNNAMED,0,0
735,AL091943,1943,UNNAMED,0,2
736,AL101943,1943,UNNAMED,0,0
737,AL011944,1944,UNNAMED,0,1
738,AL021944,1944,UNNAMED,0,0
739,AL031944,1944,UNNAMED,1,1
740,AL041944,1944,UNNAMED,0,3
741,AL051944,1944,UNNAMED,0,0
742,AL061944,1944,UNNAMED,2,0
743,AL071944,1944,UNNAMED,2,5
744,AL081944,1944,UNNAMED,0,1
745,AL091944,1944,UNNAMED,0,2
746,AL101944,1944,UNNAMED,0,0
747,AL111944,1944,UNNAMED,0,0
748,AL121944,1944,UNNAMED,0,1
749,AL131944,1944,UNNAMED,2,4
750,AL141944,1944,UNNAMED,0,0
751,AL011945,1945,UNNAMED,2,2
752,AL021945,1945,UNNAMED,0,0
753,AL031945,1945,UNNAMED,0,0
754,AL041945,1945,UNNAMED,0,0
755,AL051945,1945,UNNAMED,1,3
756,AL061945,1945,UNNAMED,0,0
757,AL071945,1945,UNNAMED,1,0
758,AL081945,1945,UNNAMED,0,1
759,AL091945,1945,UNNAMED,3,4
760,AL101945,1945,UNNAMED,0,1
761,AL111945,1945,UNNAMED,0,2
762,AL011946,1946,UNNAMED,0,0
763,AL021946,1946,UNNAMED,1,1
764,AL031946,1946,UNNAMED,1,0
765,AL041946,1946,UNNAMED,2,2
766,AL051946,1946,UNNAMED,0,1
767,AL061946,1946,UNNAMED,2,2
768,AL071946,1946,UNNAMED,3,0
769,AL011947,1947,UNNAMED,1,0
770,AL021947,1947,UNNAMED,2,2
771,AL031947,1947,UNNAMED,2,1
772,AL041947,1947,UNNAMED,3,4
773,AL051947,1947,UNNAMED,1,0
774,AL061947,1947,UNNAMED,3,0
775,AL071947,1947,UNNAMED,1,0
776,AL081947,1947,UNNAMED,0,0
777,AL091947,1947,UNNAMED,3,2
778,AL101947,1947,UNNAMED,0,3
779,AL011948,1948,UNNAMED,0,0
780,AL021948,1948,UNNAMED,1,0
781,AL031948,1948,UNNAMED,0,3
782,AL041948,1948,UNNAMED,1,0
783,AL051948,1948,UNNAMED,1,1
784,AL061948,1948,UNNAMED,0,4
785,AL071948,1948,UNNAMED,0,0
786,AL081948,1948,UNNAMED,4,4
787,AL091948,1948,UNNAMED,4,3
788,AL101948,1948,UNNAMED,0,1
789,AL011949,1949,UNNAMED,0,2
790,AL021949,1949,UNNAMED,1,4
791,AL031949,1949,UNNAMED,1,0
792,AL041949,1949,UNNAMED,0,3
793,AL051949,1949,UNNAMED,1,0
794,AL061949,1949,UNNAMED,0,1
795,AL071949,1949,UNNAMED,1,0
796,AL081949,1949,UNNAMED,0,0
797,AL091949,1949,UNNAMED,1,1
798,AL101949,1949,UNNAMED,1,1
799,AL111949,1949,UNNAMED,1,2
800,AL121949,1949,UNNAMED,0,0
801,AL131949,1949,UNNAMED,0,1
802,AL141949,1949,UNNAMED,0,0
803,AL151949,1949,UNNAMED,0,0
804,AL161949,1949,UNNAMED,1,0
805,AL011950,1950,ABLE,1,3
806,AL021950,1950,BAKER,3,2
807,AL031950,1950,CHARLIE,0,2
808,AL041950,1950,DOG,0,4
809,AL051950,1950,EASY,4,3
810,AL061950,1950,FOX,0,4
811,AL071950,1950,GEORGE,0,2
812,AL081950,1950,HOW,0,0
813,AL091950,1950,ITEM,1,2
814,AL101950,1950,JIG,0,3
815,AL111950,1950,KING,2,4
816,AL121950,1950,UNNAMED,0,0
817,AL131950,1950,LOVE,1,1
818,AL141950,1950,MIKE,0,0
819,AL151950,1950,UNNAMED,0,0
820,AL161950,1950,UNNAMED,0,0
821,AL011951,1951,UNNAMED,0,0
822,AL021951,1951,ABLE,1,1
823,AL031951,1951,BAKER,0,0
824,AL041951,1951,CHARLIE,4,4
825,AL051951,1951,DOG,0,1
826,AL061951,1951,EASY,0,4
827,AL071951,1951,FOX,0,3
828,AL081951,1951,GEORGE,1,0
829,AL091951,1951,HOW,1,2
830,AL101951,1951,ITEM,0,0
831,AL111951,1951,JIG,0,1
832,AL121951,1951,UNNAMED,0,1
833,AL011952,1952,UNNAMED,0,0
834,AL021952,1952,ABLE,1,2
835,AL031952,1952,UNNAMED,1,0
836,AL041952,1952,BAKER,0,2
837,AL051952,1952,UNNAMED,0,0
838,AL061952,1952,CHARLIE,0,3
839,AL071952,1952,DOG,0,0
840,AL081952,1952,UNNAMED,0,0
841,AL091952,1952,EASY,0,2
842,AL101952,1952,FOX,4,4
843,AL111952,1952,UNNAMED,0,0
844,AL011953,1953,ALICE,3,0
845,AL021953,1953,UNNAMED,0,0
846,AL031953,1953,BARBARA,3,1
847,AL041953,1953,CAROL,2,5
848,AL051953,1953,UNNAMED,0,0
849,AL061953,1953,DOLLY,1,1
850,AL071953,1953,EDNA,0,3
851,AL081953,1953,UNNAMED,1,0
852,AL091953,1953,FLORENCE,1,3
853,AL101953,1953,GAIL,0,1
854,AL111953,1953,UNNAMED,0,0
855,AL121953,1953,HAZEL,2,1
856,AL131953,1953,UNNAMED,0,0
857,AL141953,1953,UNNAMED,0,0
858,AL011954,1954,UNNAMED,0,0
859,AL021954,1954,UNNAMED,0,0
860,AL031954,1954,ALICE,1,2
861,AL041954,1954,UNNAMED,0,0
862,AL051954,1954,BARBARA,1,0
863,AL061954,1954,CAROL,2,3
864,AL071954,1954,DOLLY,0,1
865,AL081954,1954,EDNA,3,3
866,AL091954,1954,UNNAMED,0,0
867,AL101954,1954,FLORENCE,1,0
868,AL111954,1954,UNNAMED,0,0
869,AL121954,1954,GILDA,1,0
870,AL131954,1954,UNNAMED,0,2
871,AL141954,1954,HAZEL,5,4
872,AL151954,1954,UNNAMED,0,0
873,AL161954,1954,ALICE,1,1
874,AL011955,1955,BRENDA,1,0
875,AL021955,1955,CONNIE,1,4
876,AL031955,1955,DIANE,1,2
877,AL041955,1955,EDITH,0,2
878,AL051955,1955,UNNAMED,1,0
879,AL061955,1955,FLORA,0,2
880,AL071955,1955,GLADYS,1,1
881,AL081955,1955,IONE,1,4
882,AL091955,1955,HILDA,4,3
883,AL101955,1955,JANET,4,5
884,AL111955,1955,UNNAMED,0,0
885,AL121955,1955,UNNAMED,0,0
886,AL131955,1955,KATIE,1,2
887,AL011956,1956,UNNAMED,1,0
888,AL021956,1956,ANNA,1,1
889,AL031956,1956,BETSY,0,3
890,AL041956,1956,CARLA,0,0
891,AL051956,1956,DORA,1,0
892,AL061956,1956,ETHEL,0,0
893,AL071956,1956,FLOSSY,2,1
894,AL081956,1956,GRETA,0,2
895,AL091956,1956,UNNAMED,0,0
896,AL101956,1956,UNNAMED,0,0
897,AL111956,1956,UNNAMED,1,0
898,AL121956,1956,UNNAMED,0,0
899,AL011957,1957,UNNAMED,1,1
900,AL021957,1957,AUDREY,1,3
901,AL031957,1957,BERTHA,1,0
902,AL041957,1957,CARRIE,0,4
903,AL051957,1957,DEBBIE,1,0
904,AL061957,1957,ESTHER,1,0
905,AL071957,1957,FRIEDA,0,1
906,AL081957,1957,UNNAMED,0,0
907,AL011958,1958,ALMA,1,0
908,AL021958,1958,BECKY,0,0
909,AL031958,1958,CLEO,0,4
910,AL041958,1958,DAISY,0,4
911,AL051958,1958,ELLA,5,2
912,AL061958,1958,FIFI,0,1
913,AL071958,1958,GERDA,2,0
914,AL081958,1958,HELENE,0,4
915,AL091958,1958,ILSA,0,2
916,AL101958,1958,JANICE,4,2
917,AL111958,1958,UNNAMED,0,0
918,AL121958,1958,UNNAMED,0,0
919,AL011959,1959,ARLENE,1,0
920,AL021959,1959,BEULAH,0,0
921,AL031959,1959,UNNAMED,1,1
922,AL041959,1959,CINDY,2,1
923,AL051959,1959,DEBRA,1,1
924,AL061959,1959,EDITH,1,0
925,AL071959,1959,FLORA,0,1
926,AL081959,1959,GRACIE,1,4
927,AL091959,1959,HANNAH,0,3
928,AL101959,1959,IRENE,1,0
929,AL111959,1959,JUDITH,1,1
930,AL121959,1959,UNNAMED,0,0
931,AL131959,1959,UNNAMED,0,0
932,AL141959,1959,UNNAMED,0,0
933,AL011960,1960,UNNAMED,1,0
934,AL021960,1960,ABBY,3,1
935,AL031960,1960,BRENDA,2,0
936,AL041960,1960,CLEO,0,1
937,AL051960,1960,DONNA,9,4
938,AL061960,1960,ETHEL,1,3
939,AL071960,1960,FLORENCE,1,0
940,AL081960,1960,UNNAMED,0,0
941,AL011961,1961,ANNA,3,2
942,AL021961,1961,BETSY,0,4
943,AL031961,1961,CARLA,1,4
944,AL041961,1961,DEBBIE,1,1
945,AL051961,1961,ESTHER,3,5
946,AL061961,1961,UNNAMED,4,0
947,AL071961,1961,FRANCES,2,4
948,AL081961,1961,GERDA,0,1
949,AL091961,1961,HATTIE,1,5
950,AL101961,1961,JENNY,0,1
951,AL111961,1961,INGA,0,0
952,AL121961,1961,UNNAMED,0,0
953,AL011962,1962,ALMA,0,1
954,AL021962,1962,BECKY,0,0
955,AL031962,1962,CELIA,0,0
956,AL041962,1962,DAISY,0,2
957,AL051962,1962,ELLA,0,2
958,AL061962,1962,UNNAMED,1,1
959,AL071962,1962,UNNAMED,0,1
960,AL011963,1963,ARLENE,1,3
961,AL021963,1963,BEULAH,0,3
962,AL031963,1963,UNNAMED,0,1
963,AL041963,1963,CINDY,1,0
964,AL051963,1963,DEBRA,0,1
965,AL061963,1963,EDITH,3,2
966,AL071963,1963,FLORA,5,4
967,AL081963,1963,GINNY,1,2
968,AL091963,1963,HELENA,1,0
969,AL101963,1963,UNNAMED,1,0
970,AL011964,1964,UNNAMED,0,0
971,AL021964,1964,UNNAMED,0,1
972,AL031964,1964,ABBY,1,0
973,AL041964,1964,BRENDA,1,0
974,AL051964,1964,CLEO,7,4
975,AL061964,1964,DORA,1,4
976,AL071964,1964,ETHEL,0,2
977,AL081964,1964,FLORENCE,0,0
978,AL091964,1964,GLADYS,0,4
979,AL101964,1964,HILDA,2,4
980,AL111964,1964,ISBELL,3,3
981,AL121964,1964,UNNAMED,1,0
982,AL131964,1964,UNNAMED,0,0
983,AL011965,1965,UNNAMED,1,0
984,AL021965,1965,ANNA,0,2
985,AL031965,1965,BETSY,5,4
986,AL041965,1965,CAROL,0,1
987,AL051965,1965,DEBBIE,1,0
988,AL061965,1965,ELENA,0,2
989,AL071965,1965,UNNAMED,0,0
990,AL081965,1965,UNNAMED,0,0
991,AL091965,1965,UNNAMED,1,0
992,AL101965,1965,UNNAMED,0,0
993,AL011966,1966,ALMA,3,3
994,AL021966,1966,BECKY,0,1
995,AL031966,1966,CELIA,0,1
996,AL041966,1966,DOROTHY,0,1
997,AL051966,1966,ELLA,0,0
998,AL061966,1966,FAITH,0,3
999,AL071966,1966,GRETA,0,0
1000,AL081966,1966,HALLIE,0,0
1001,AL091966,1966,INEZ,9,5
1002,AL101966,1966,JUDITH,1,0
1003,AL111966,1966,LOIS,0,1
1004,AL121966,1966,UNNAMED,2,0
1005,AL131966,1966,UNNAMED,0,0
1006,AL141966,1966,UNNAMED,0,0
1007,AL151966,1966,KENDRA,0,0
1008,AL161966,1966,UNNAMED,0,0
1009,AL171966,1966,UNNAMED,0,0
1010,AL011967,1967,UNNAMED,0,0
1011,AL031967,1967,UNNAMED,1,0
1012,AL111967,1967,ARLENE,0,1
1013,AL121967,1967,CHLOE,0,2
1014,AL131967,1967,BEULAH,4,5
1015,AL141967,1967,DORIA,1,2
1016,AL151967,1967,UNNAMED,0,0
1017,AL161967,1967,UNNAMED,0,0
1018,AL171967,1967,UNNAMED,0,0
1019,AL181967,1967,EDITH,0,0
1020,AL191967,1967,FERN,1,1
1021,AL211967,1967,GINGER,0,0
1022,AL231967,1967,UNNAMED,0,0
1023,AL241967,1967,UNNAMED,0,0
1024,AL251967,1967,HEIDI,0,1
1025,AL271967,1967,UNNAMED,0,0
1026,AL281967,1967,UNNAMED,0,0
1027,AL011968,1968,ABBY,3,1
1028,AL021968,1968,BRENDA,0,1
1029,AL031968,1968,CANDY,1,0
1030,AL051968,1968,DOLLY,0,1
1031,AL061968,1968,UNNAMED,0,0
1032,AL081968,1968,EDNA,0,0
1033,AL091968,1968,UNNAMED,0,1
1034,AL101968,1968,UNNAMED,0,0
1035,AL121968,1968,FRANCES,0,0
1036,AL131968,1968,UNNAMED,0,0
1037,AL141968,1968,GLADYS,2,2
1038,AL151968,1968,UNNAMED,0,0
1039,AL161968,1968,UNNAMED,1,0
1040,AL031969,1969,UNNAMED,0,0
1041,AL051969,1969,UNNAMED,0,0
1042,AL061969,1969,ANNA,0,0
1043,AL071969,1969,BLANCHE,0,1
1044,AL081969,1969,DEBBIE,0,3
1045,AL091969,1969,CAMILLE,2,5
1046,AL121969,1969,EVE,0,0
1047,AL131969,1969,FRANCELIA,1,2
1048,AL151969,1969,UNNAMED,0,0
1049,AL161969,1969,GERDA,1,3
1050,AL171969,1969,HOLLY,0,1
1051,AL191969,1969,UNNAMED,0,0
1052,AL201969,1969,INGA,0,2
1053,AL211969,1969,UNNAMED,0,1
1054,AL221969,1969,UNNAMED,0,0
1055,AL231969,1969,UNNAMED,1,0
1056,AL241969,1969,JENNY,1,0
1057,AL251969,1969,KARA,0,1
1058,AL261969,1969,LAURIE,0,1
1059,AL271969,1969,UNNAMED,0,0
1060,AL281969,1969,UNNAMED,0,1
1061,AL291969,1969,MARTHA,1,1
1062,AL301969,1969,UNNAMED,0,0
1063,AL011970,1970,ALMA,0,1
1064,AL021970,1970,BECKY,1,0
1065,AL031970,1970,UNNAMED,0,0
1066,AL041970,1970,CELIA,2,4
1067,AL051970,1970,UNNAMED,0,0
1068,AL071970,1970,UNNAMED,0,0
1069,AL081970,1970,UNNAMED,2,1
1070,AL091970,1970,DOROTHY,1,0
1071,AL101970,1970,UNNAMED,0,0
1072,AL111970,1970,UNNAMED,0,0
1073,AL121970,1970,ELLA,2,3
1074,AL131970,1970,FELICE,1,0
1075,AL141970,1970,UNNAMED,0,0
1076,AL151970,1970,UNNAMED,0,1
1077,AL161970,1970,GRETA,0,0
1078,AL181970,1970,UNNAMED,0,2
1079,AL191970,1970,UNNAMED,0,2
1080,AL201970,1970,UNNAMED,0,0
1081,AL211970,1970,UNNAMED,0,0
1082,AL221970,1970,UNNAMED,0,0
1083,AL231970,1970,UNNAMED,0,0
1084,AL011971,1971,ARLENE,0,0
1085,AL021971,1971,UNNAMED,0,0
1086,AL031971,1971,UNNAMED,0,0
1087,AL041971,1971,UNNAMED,0,1
1088,AL051971,1971,UNNAMED,0,0
1089,AL061971,1971,BETH,0,1
1090,AL071971,1971,UNNAMED,0,0
1091,AL081971,1971,CHLOE,0,0
1092,AL091971,1971,DORIA,0,0
1093,AL101971,1971,UNNAMED,0,0
1094,AL111971,1971,FERN,0,1
1095,AL121971,1971,UNNAMED,0,0
1096,AL131971,1971,EDITH,0,5
1097,AL141971,1971,GINGER,0,2
1098,AL151971,1971,UNNAMED,0,0
1099,AL161971,1971,UNNAMED,0,0
1100,AL171971,1971,HEIDI,0,0
1101,AL181971,1971,IRENE,0,1
1102,AL191971,1971,JANICE,0,0
1103,AL201971,1971,UNNAMED,0,0
1104,AL211971,1971,KRISTY,0,0
1105,AL221971,1971,LAURA,0,0
1106,AL011972,1972,ALPHA,0,0
1107,AL021972,1972,AGNES,0,1
1108,AL031972,1972,UNNAMED,0,0
1109,AL041972,1972,UNNAMED,0,0
1110,AL051972,1972,UNNAMED,0,0
1111,AL061972,1972,UNNAMED,0,0
1112,AL071972,1972,UNNAMED,0,0
1113,AL081972,1972,UNNAMED,0,0
1114,AL091972,1972,UNNAMED,0,0
1115,AL101972,1972,BETTY,0,2
1116,AL111972,1972,CARRIE,0,0
1117,AL121972,1972,UNNAMED,0,0
1118,AL131972,1972,DAWN,0,1
1119,AL141972,1972,CHARLIE,0,0
1120,AL151972,1972,UNNAMED,0,0
1121,AL161972,1972,UNNAMED,0,0
1122,AL171972,1972,UNNAMED,0,0
1123,AL181972,1972,UNNAMED,0,0
1124,AL191972,1972,DELTA,0,0
1125,AL011973,1973,UNNAMED,0,0
1126,AL021973,1973,UNNAMED,0,0
1127,AL031973,1973,UNNAMED,0,0
1128,AL041973,1973,ALICE,0,1
1129,AL051973,1973,UNNAMED,0,0
1130,AL061973,1973,ALFA,0,0
1131,AL071973,1973,UNNAMED,0,0
1132,AL081973,1973,BRENDA,0,1
1133,AL091973,1973,CHRISTINE,0,0
1134,AL101973,1973,DELIA,0,0
1135,AL111973,1973,UNNAMED,0,0
1136,AL121973,1973,ELLEN,0,3
1137,AL131973,1973,UNNAMED,0,0
1138,AL141973,1973,FRAN,0,1
1139,AL151973,1973,UNNAMED,0,0
1140,AL161973,1973,GILDA,0,0
1141,AL171973,1973,UNNAMED,0,0
1142,AL011974,1974,UNNAMED,0,0
1143,AL021974,1974,UNNAMED,0,0
1144,AL031974,1974,UNNAMED,0,0
1145,AL041974,1974,UNNAMED,0,0
1146,AL051974,1974,UNNAMED,0,0
1147,AL061974,1974,UNNAMED,0,0
1148,AL071974,1974,ALMA,0,0
1149,AL081974,1974,UNNAMED,0,0
1150,AL091974,1974,BECKY,0,3
1151,AL101974,1974,CARMEN,0,4
1152,AL111974,1974,UNNAMED,0,0
1153,AL121974,1974,DOLLY,0,0
1154,AL131974,1974,ELAINE,0,0
1155,AL141974,1974,FIFI,0,2
1156,AL151974,1974,UNNAMED,0,0
1157,AL161974,1974,UNNAMED,0,0
1158,AL171974,1974,GERTRUDE,0,1
1159,AL181974,1974,UNNAMED,0,0
1160,AL191974,1974,UNNAMED,0,0
1161,AL201974,1974,UNNAMED,0,0
1162,AL011975,1975,UNNAMED,0,0
1163,AL021975,1975,AMY,0,0
1164,AL031975,1975,UNNAMED,0,0
1165,AL041975,1975,BLANCHE,0,1
1166,AL051975,1975,UNNAMED,0,0
1167,AL061975,1975,UNNAMED,0,0
1168,AL071975,1975,CAROLINE,0,3
1169,AL081975,1975,DORIS,0,2
1170,AL091975,1975,UNNAMED,0,0
1171,AL101975,1975,UNNAMED,0,0
1172,AL111975,1975,UNNAMED,0,0
1173,AL121975,1975,UNNAMED,0,0
1174,AL131975,1975,ELOISE,0,3
1175,AL141975,1975,FAYE,0,2
1176,AL151975,1975,GLADYS,0,4
1177,AL161975,1975,UNNAMED,0,0
1178,AL171975,1975,UNNAMED,0,0
1179,AL181975,1975,UNNAMED,0,0
1180,AL191975,1975,HALLIE,0,0
1181,AL201975,1975,UNNAMED,0,0
1182,AL211975,1975,UNNAMED,0,0
1183,AL221975,1975,UNNAMED,0,0
1184,AL231975,1975,UNNAMED,0,0
1185,AL011976,1976,UNNAMED,0,0
1186,AL021976,1976,UNNAMED,0,0
1187,AL031976,1976,UNNAMED,0,0
1188,AL041976,1976,UNNAMED,0,0
1189,AL051976,1976,UNNAMED,0,0
1190,AL061976,1976,ANNA,0,0
1191,AL071976,1976,BELLE,0,3
1192,AL081976,1976,DOTTIE,0,0
1193,AL091976,1976,CANDICE,0,1
1194,AL101976,1976,EMMY,0,2
1195,AL111976,1976,FRANCES,0,3
1196,AL121976,1976,UNNAMED,0,0
1197,AL131976,1976,UNNAMED,0,0
1198,AL141976,1976,UNNAMED,0,0
1199,AL151976,1976,UNNAMED,0,0
1200,AL161976,1976,UNNAMED,0,0
1201,AL171976,1976,GLORIA,0,2
1202,AL181976,1976,UNNAMED,0,0
1203,AL191976,1976,UNNAMED,0,0
1204,AL201976,1976,UNNAMED,0,0
1205,AL211976,1976,HOLLY,0,1
1206,AL011977,1977,UNNAMED,0,0
1207,AL021977,1977,UNNAMED,0,0
1208,AL031977,1977,UNNAMED,0,0
1209,AL041977,1977,UNNAMED,0,0
1210,AL051977,1977,ANITA,0,5
1211,AL061977,1977,BABE,0,1
1212,AL071977,1977,CLARA,0,1
1213,AL081977,1977,UNNAMED,0,0
1214,AL091977,1977,UNNAMED,0,0
1215,AL101977,1977,DOROTHY,0,1
1216,AL111977,1977,UNNAMED,0,0
1217,AL121977,1977,UNNAMED,0,0
1218,AL131977,1977,EVELYN,0,1
1219,AL141977,1977,FRIEDA,0,0
1220,AL151977,1977,UNNAMED,0,0
1221,AL011978,1978,UNNAMED,0,0
1222,AL021978,1978,UNNAMED,0,0
1223,AL031978,1978,UNNAMED,0,0
1224,AL041978,1978,AMELIA,0,0
1225,AL051978,1978,BESS,0,0
1226,AL061978,1978,CORA,0,1
1227,AL071978,1978,UNNAMED,0,0
1228,AL081978,1978,UNNAMED,0,0
1229,AL091978,1978,DEBRA,0,0
1230,AL101978,1978,ELLA,0,4
1231,AL111978,1978,UNNAMED,0,0
1232,AL121978,1978,UNNAMED,0,0
1233,AL131978,1978,FLOSSIE,0,2
1234,AL141978,1978,UNNAMED,0,0
1235,AL151978,1978,HOPE,0,0
1236,AL161978,1978,GRETA,0,4
1237,AL171978,1978,UNNAMED,0,0
1238,AL181978,1978,UNNAMED,0,0
1239,AL191978,1978,IRMA,0,0
1240,AL201978,1978,JULIET,0,0
1241,AL211978,1978,UNNAMED,0,0
1242,AL221978,1978,UNNAMED,0,0
1243,AL231978,1978,KENDRA,0,1
1244,AL241978,1978,UNNAMED,0,0
1245,AL011979,1979,UNNAMED,0,0
1246,AL021979,1979,ANA,0,0
1247,AL031979,1979,UNNAMED,0,0
1248,AL041979,1979,BOB,0,1
1249,AL051979,1979,UNNAMED,0,0
1250,AL061979,1979,CLAUDETTE,0,0
1251,AL071979,1979,UNNAMED,0,0
1252,AL081979,1979,UNNAMED,0,0
1253,AL091979,1979,DAVID,0,5
1254,AL101979,1979,UNNAMED,0,0
1255,AL111979,1979,FREDERIC,0,4
1256,AL121979,1979,ELENA,0,0
1257,AL131979,1979,UNNAMED,0,0
1258,AL141979,1979,GLORIA,0,2
1259,AL151979,1979,HENRI,0,1
1260,AL161979,1979,UNNAMED,0,0
1261,AL171979,1979,UNNAMED,0,0
1262,AL181979,1979,UNNAMED,0,1
1263,AL191979,1979,UNNAMED,0,0
1264,AL201979,1979,UNNAMED,0,0
1265,AL011980,1980,UNNAMED,0,0
1266,AL021980,1980,UNNAMED,0,0
1267,AL031980,1980,UNNAMED,0,0
1268,AL041980,1980,ALLEN,0,5
1269,AL051980,1980,UNNAMED,0,0
1270,AL061980,1980,BONNIE,0,2
1271,AL071980,1980,CHARLEY,0,1
1272,AL081980,1980,UNNAMED,0,0
1273,AL091980,1980,GEORGES,0,1
1274,AL101980,1980,EARL,0,1
1275,AL111980,1980,DANIELLE,0,0
1276,AL121980,1980,FRANCES,0,3
1277,AL131980,1980,HERMINE,0,0
1278,AL141980,1980,IVAN,0,2
1279,AL151980,1980,UNNAMED,0,0
1280,AL161980,1980,JEANNE,0,2
1281,AL171980,1980,UNNAMED,0,0
1282,AL181980,1980,KARL,0,1
1283,AL011981,1981,UNNAMED,0,0
1284,AL021981,1981,UNNAMED,0,0
1285,AL031981,1981,ARLENE,0,0
1286,AL041981,1981,UNNAMED,0,0
1287,AL051981,1981,UNNAMED,0,0
1288,AL061981,1981,BRET,0,0
1289,AL071981,1981,UNNAMED,0,0
1290,AL081981,1981,UNNAMED,0,0
1291,AL091981,1981,CINDY,0,0
1292,AL101981,1981,DENNIS,0,1
1293,AL111981,1981,UNNAMED,0,0
1294,AL121981,1981,UNNAMED,0,0
1295,AL131981,1981,EMILY,0,1
1296,AL141981,1981,FLOYD,0,3
1297,AL151981,1981,GERT,0,2
1298,AL161981,1981,HARVEY,0,4
1299,AL171981,1981,UNNAMED,0,0
1300,AL181981,1981,IRENE,0,3
1301,AL191981,1981,UNNAMED,0,0
1302,AL201981,1981,JOSE,0,0
1303,AL211981,1981,KATRINA,0,1
1304,AL221981,1981,UNNAMED,0,0
1305,AL011982,1982,ALBERTO,0,1
1306,AL021982,1982,UNNAMED,0,0
1307,AL031982,1982,BERYL,0,0
1308,AL041982,1982,UNNAMED,0,0
1309,AL051982,1982,CHRIS,0,0
1310,AL061982,1982,DEBBY,0,4
1311,AL071982,1982,UNNAMED,0,0
1312,AL081982,1982,ERNESTO,0,0
1313,AL011983,1983,UNNAMED,0,0
1314,AL021983,1983,UNNAMED,0,0
1315,AL031983,1983,ALICIA,1,3
1316,AL041983,1983,BARRY,2,1
1317,AL051983,1983,CHANTAL,0,1
1318,AL061983,1983,DEAN,0,0
1319,AL011984,1984,UNNAMED,0,0
1320,AL021984,1984,UNNAMED,0,0
1321,AL031984,1984,UNNAMED,0,0
1322,AL041984,1984,UNNAMED,0,0
1323,AL051984,1984,UNNAMED,0,0
1324,AL061984,1984,ARTHUR,0,0
1325,AL071984,1984,BERTHA,0,0
1326,AL081984,1984,CESAR,0,0
1327,AL091984,1984,UNNAMED,0,0
1328,AL101984,1984,DIANA,1,4
1329,AL111984,1984,EDOUARD,0,0
1330,AL121984,1984,FRAN,0,0
1331,AL131984,1984,GUSTAV,0,0
1332,AL141984,1984,HORTENSE,0,1
1333,AL151984,1984,ISIDORE,0,0
1334,AL161984,1984,JOSEPHINE,0,2
1335,AL171984,1984,UNNAMED,0,0
1336,AL181984,1984,KLAUS,0,1
1337,AL191984,1984,UNNAMED,0,0
1338,AL201984,1984,LILI,0,1
1339,AL011985,1985,ANA,0,0
1340,AL021985,1985,BOB,1,1
1341,AL031985,1985,CLAUDETTE,0,1
1342,AL041985,1985,DANNY,1,1
1343,AL051985,1985,ELENA,1,3
1344,AL061985,1985,UNNAMED,0,0
1345,AL071985,1985,UNNAMED,0,0
1346,AL081985,1985,FABIAN,0,0
1347,AL091985,1985,GLORIA,2,4
1348,AL101985,1985,HENRI,2,0
1349,AL111985,1985,ISABEL,1,0
1350,AL121985,1985,JUAN,1,1
1351,AL131985,1985,KATE,1,3
1352,AL141985,1985,UNNAMED,0,0
1353,AL011986,1986,ANDREW,0,0
1354,AL021986,1986,BONNIE,1,1
1355,AL031986,1986,UNNAMED,0,0
1356,AL041986,1986,UNNAMED,0,0
1357,AL051986,1986,CHARLEY,1,1
1358,AL061986,1986,UNNAMED,0,0
1359,AL071986,1986,UNNAMED,0,0
1360,AL081986,1986,DANIELLE,0,0
1361,AL091986,1986,EARL,0,2
1362,AL101986,1986,FRANCES,0,1
1363,AL011987,1987,UNNAMED,0,0
1364,AL031987,1987,UNNAMED,1,0
1365,AL021987,1987,ARLENE,0,1
1366,AL041987,1987,UNNAMED,0,0
1367,AL051987,1987,BRET,0,0
1368,AL061987,1987,UNNAMED,0,0
1369,AL071987,1987,CINDY,0,0
1370,AL081987,1987,UNNAMED,0,0
1371,AL091987,1987,UNNAMED,0,0
1372,AL101987,1987,DENNIS,0,0
1373,AL111987,1987,UNNAMED,0,0
1374,AL121987,1987,EMILY,2,3
1375,AL131987,1987,FLOYD,1,1
1376,AL141987,1987,UNNAMED,0,0
1377,AL011988,1988,ALBERTO,0,0
1378,AL021988,1988,BERYL,0,0
1379,AL031988,1988,CHRIS,1,0
1380,AL041988,1988,DEBBY,1,1
1381,AL051988,1988,ERNESTO,0,0
1382,AL061988,1988,UNNAMED,0,0
1383,AL071988,1988,FLORENCE,1,1
1384,AL081988,1988,GILBERT,3,5
1385,AL091988,1988,HELENE,0,4
1386,AL101988,1988,ISAAC,0,0
1387,AL111988,1988,JOAN,3,4
1388,AL121988,1988,KEITH,2,1
1389,AL131988,1988,UNNAMED,0,0
1390,AL141988,1988,UNNAMED,0,0
1391,AL151988,1988,UNNAMED,0,0
1392,AL161988,1988,UNNAMED,0,0
1393,AL171988,1988,UNNAMED,0,0
1394,AL181988,1988,UNNAMED,0,0
1395,AL191988,1988,UNNAMED,0,0
1396,AL011989,1989,UNNAMED,0,0
1397,AL021989,1989,ALLISON,1,0
1398,AL031989,1989,BARRY,0,0
1399,AL041989,1989,CHANTAL,1,1
1400,AL051989,1989,DEAN,1,2
1401,AL061989,1989,UNNAMED,0,0
1402,AL071989,1989,ERIN,0,2
1403,AL081989,1989,FELIX,0,1
1404,AL091989,1989,UNNAMED,0,0
1405,AL101989,1989,GABRIELLE,0,4
1406,AL111989,1989,HUGO,5,5
1407,AL121989,1989,IRIS,0,0
1408,AL131989,1989,UNNAMED,0,0
1409,AL141989,1989,JERRY,1,1
1410,AL151989,1989,KAREN,0,0
1411,AL011990,1990,UNNAMED,0,0
1412,AL021990,1990,ARTHUR,0,0
1413,AL031990,1990,BERTHA,0,1
1414,AL041990,1990,CESAR,0,0
1415,AL061990,1990,EDOUARD,0,0
1416,AL051990,1990,DIANA,2,2
1417,AL071990,1990,FRAN,0,0
1418,AL081990,1990,GUSTAV,0,3
1419,AL091990,1990,HORTENSE,0,0
1420,AL101990,1990,ISIDORE,0,2
1421,AL111990,1990,UNNAMED,0,0
1422,AL121990,1990,JOSEPHINE,0,1
1423,AL131990,1990,KLAUS,0,1
1424,AL141990,1990,LILI,0,1
1425,AL151990,1990,MARCO,0,0
1426,AL161990,1990,NANA,0,1
1427,AL011991,1991,ANA,0,0
1428,AL021991,1991,UNNAMED,0,0
1429,AL031991,1991,BOB,3,3
1430,AL041991,1991,UNNAMED,0,0
1431,AL051991,1991,UNNAMED,0,0
1432,AL061991,1991,CLAUDETTE,0,4
1433,AL071991,1991,DANNY,0,0
1434,AL081991,1991,ERIKA,1,0
1435,AL091991,1991,FABIAN,2,0
1436,AL101991,1991,UNNAMED,0,0
1437,AL111991,1991,GRACE,0,2
1438,AL121991,1991,UNNAMED,1,1
1439,AL011992,1992,UNNAMED,0,0
1440,AL021992,1992,UNNAMED,0,0
1441,AL031992,1992,UNNAMED,0,0
1442,AL041992,1992,ANDREW,5,5
1443,AL051992,1992,BONNIE,0,2
1444,AL061992,1992,CHARLEY,0,2
1445,AL071992,1992,DANIELLE,1,0
1446,AL081992,1992,UNNAMED,0,0
1447,AL091992,1992,EARL,0,0
1448,AL101992,1992,FRANCES,0,1
1449,AL011993,1993,UNNAMED,0,0
1450,AL021993,1993,ARLENE,1,0
1451,AL031993,1993,BRET,4,0
1452,AL041993,1993,CINDY,1,0
1453,AL051993,1993,EMILY,0,3
1454,AL061993,1993,DENNIS,0,0
1455,AL071993,1993,FLOYD,0,1
1456,AL081993,1993,GERT,3,2
1457,AL091993,1993,HARVEY,0,1
1458,AL101993,1993,UNNAMED,0,0
1459,AL011994,1994,ALBERTO,1,0
1460,AL021994,1994,UNNAMED,1,0
1461,AL031994,1994,BERYL,1,0
1462,AL041994,1994,CHRIS,0,1
1463,AL051994,1994,UNNAMED,1,0
1464,AL061994,1994,DEBBY,1,0
1465,AL071994,1994,ERNESTO,0,0
1466,AL081994,1994,UNNAMED,1,0
1467,AL091994,1994,UNNAMED,0,0
1468,AL101994,1994,UNNAMED,0,0
1469,AL111994,1994,FLORENCE,0,2
1470,AL121994,1994,GORDON,6,1
1471,AL011995,1995,ALLISON,2,1
1472,AL021995,1995,BARRY,2,0
1473,AL031995,1995,CHANTAL,0,0
1474,AL041995,1995,DEAN,1,0
1475,AL051995,1995,ERIN,2,2
1476,AL061995,1995,UNNAMED,1,0
1477,AL071995,1995,FELIX,0,4
1478,AL081995,1995,GABRIELLE,1,0
1479,AL091995,1995,HUMBERTO,0,2
1480,AL101995,1995,IRIS,2,2
1481,AL111995,1995,JERRY,1,0
1482,AL121995,1995,KAREN,0,0
1483,AL131995,1995,LUIS,0,4
1484,AL141995,1995,UNNAMED,0,0
1485,AL151995,1995,MARILYN,1,3
1486,AL161995,1995,NOEL,0,1
1487,AL171995,1995,OPAL,1,4
1488,AL181995,1995,PABLO,0,0
1489,AL191995,1995,ROXANNE,1,3
1490,AL201995,1995,SEBASTIEN,0,0
1491,AL211995,1995,TANYA,0,1
1492,AL011996,1996,ARTHUR,1,0
1493,AL021996,1996,BERTHA,1,3
1494,AL031996,1996,CESAR,1,1
1495,AL041996,1996,DOLLY,2,1
1496,AL051996,1996,EDOUARD,0,4
1497,AL061996,1996,FRAN,1,3
1498,AL071996,1996,GUSTAV,0,0
1499,AL081996,1996,HORTENSE,2,4
1500,AL091996,1996,ISIDORE,0,3
1501,AL101996,1996,JOSEPHINE,1,0
1502,AL111996,1996,KYLE,1,0
1503,AL121996,1996,LILI,1,3
1504,AL131996,1996,MARCO,0,1
1505,AL011997,1997,UNNAMED,0,0
1506,AL021997,1997,ANA,0,0
1507,AL031997,1997,BILL,0,1
1508,AL041997,1997,CLAUDETTE,0,0
1509,AL051997,1997,DANNY,3,1
1510,AL061997,1997,UNNAMED,0,0
1511,AL071997,1997,ERIKA,0,3
1512,AL081997,1997,FABIAN,0,0
1513,AL091997,1997,GRACE,0,0
1514,AL011998,1998,ALEX,0,0
1515,AL021998,1998,BONNIE,1,3
1516,AL031998,1998,CHARLEY,1,0
1517,AL041998,1998,DANIELLE,0,2
1518,AL051998,1998,EARL,1,2
1519,AL061998,1998,FRANCES,1,0
1520,AL071998,1998,GEORGES,7,4
1521,AL081998,1998,HERMINE,1,0
1522,AL091998,1998,IVAN,0,1
1523,AL101998,1998,JEANNE,0,2
1524,AL111998,1998,KARL,0,2
1525,AL121998,1998,LISA,0,1
1526,AL131998,1998,MITCH,3,5
1527,AL141998,1998,NICOLE,0,1
1528,AL011999,1999,ARLENE,0,0
1529,AL021999,1999,UNNAMED,1,0
1530,AL031999,1999,BRET,1,4
1531,AL041999,1999,CINDY,0,4
1532,AL051999,1999,DENNIS,2,2
1533,AL061999,1999,EMILY,0,0
1534,AL071999,1999,UNNAMED,1,0
1535,AL081999,1999,FLOYD,3,4
1536,AL091999,1999,GERT,0,4
1537,AL101999,1999,HARVEY,1,0
1538,AL111999,1999,UNNAMED,0,0
1539,AL121999,1999,UNNAMED,0,0
1540,AL131999,1999,IRENE,4,2
1541,AL141999,1999,JOSE,2,2
1542,AL151999,1999,KATRINA,1,0
1543,AL161999,1999,LENNY,5,4
1544,AL012000,2000,UNNAMED,0,0
1545,AL022000,2000,UNNAMED,0,0
1546,AL032000,2000,ALBERTO,0,3
1547,AL042000,2000,UNNAMED,0,0
1548,AL052000,2000,BERYL,0,0
1549,AL062000,2000,CHRIS,0,0
1550,AL072000,2000,DEBBY,3,1
1551,AL082000,2000,ERNESTO,0,0
1552,AL092000,2000,UNNAMED,1,0
1553,AL102000,2000,FLORENCE,0,1
1554,AL112000,2000,GORDON,1,1
1555,AL122000,2000,HELENE,1,0
1556,AL132000,2000,ISAAC,0,4
1557,AL142000,2000,JOYCE,0,1
1558,AL152000,2000,KEITH,3,4
1559,AL162000,2000,LESLIE,0,0
1560,AL172000,2000,MICHAEL,0,2
1561,AL182000,2000,NADINE,0,0
1562,AL192000,2000,UNNAMED,0,0
1563,AL012001,2001,ALLISON,2,0
1564,AL022001,2001,UNNAMED,0,0
1565,AL032001,2001,BARRY,1,0
1566,AL042001,2001,CHANTAL,1,0
1567,AL052001,2001,DEAN,0,0
1568,AL062001,2001,ERIN,0,3
1569,AL072001,2001,FELIX,0,3
1570,AL082001,2001,GABRIELLE,1,1
1571,AL092001,2001,UNNAMED,1,0
1572,AL102001,2001,HUMBERTO,0,2
1573,AL112001,2001,IRIS,1,4
1574,AL122001,2001,JERRY,0,0
1575,AL132001,2001,KAREN,1,1
1576,AL142001,2001,LORENZO,0,0
1577,AL152001,2001,MICHELLE,4,4
1578,AL162001,2001,NOEL,0,1
1579,AL172001,2001,OLGA,0,1
1580,AL012002,2002,ARTHUR,0,0
1581,AL022002,2002,BERTHA,2,0
1582,AL032002,2002,CRISTOBAL,0,0
1583,AL042002,2002,DOLLY,0,0
1584,AL052002,2002,EDOUARD,1,0
1585,AL062002,2002,FAY,1,0
1586,AL072002,2002,UNNAMED,0,0
1587,AL082002,2002,GUSTAV,2,2
1588,AL092002,2002,HANNA,2,0
1589,AL102002,2002,ISIDORE,3,3
1590,AL112002,2002,JOSEPHINE,0,0
1591,AL122002,2002,KYLE,2,1
1592,AL132002,2002,LILI,4,4
1593,AL142002,2002,UNNAMED,1,0
1594,AL012003,2003,ANA,0,0
1595,AL022003,2003,UNNAMED,0,0
1596,AL032003,2003,BILL,1,0
1597,AL042003,2003,CLAUDETTE,2,1
1598,AL052003,2003,DANNY,0,1
1599,AL062003,2003,UNNAMED,0,0
1600,AL072003,2003,UNNAMED,1,0
1601,AL082003,2003,ERIKA,1,1
1602,AL092003,2003,UNNAMED,0,0
1603,AL102003,2003,FABIAN,0,4
1604,AL112003,2003,GRACE,1,0
1605,AL122003,2003,HENRI,1,0
1606,AL132003,2003,ISABEL,1,5
1607,AL142003,2003,UNNAMED,0,0
1608,AL152003,2003,JUAN,1,2
1609,AL162003,2003,KATE,0,3
1610,AL172003,2003,LARRY,1,0
1611,AL182003,2003,MINDY,0,0
1612,AL192003,2003,NICHOLAS,0,0
1613,AL202003,2003,ODETTE,1,0
1614,AL212003,2003,PETER,0,0
1615,AL012004,2004,ALEX,0,3
1616,AL022004,2004,BONNIE,1,0
1617,AL032004,2004,CHARLEY,5,4
1618,AL042004,2004,DANIELLE,0,2
1619,AL052004,2004,EARL,0,0
1620,AL062004,2004,FRANCES,6,4
1621,AL072004,2004,GASTON,1,1
1622,AL082004,2004,HERMINE,1,0
1623,AL092004,2004,IVAN,2,5
1624,AL102004,2004,UNNAMED,0,0
1625,AL112004,2004,JEANNE,5,3
1626,AL122004,2004,KARL,0,4
1627,AL132004,2004,LISA,0,1
1628,AL142004,2004,MATTHEW,1,0
1629,AL152004,2004,NICOLE,0,0
1630,AL162004,2004,OTTO,0,0
1631,AL012005,2005,ARLENE,2,0
1632,AL022005,2005,BRET,1,0
1633,AL032005,2005,CINDY,3,1
1634,AL042005,2005,DENNIS,3,4
1635,AL052005,2005,EMILY,3,5
1636,AL062005,2005,FRANKLIN,0,0
1637,AL072005,2005,GERT,1,0
1638,AL082005,2005,HARVEY,0,0
1639,AL092005,2005,IRENE,0,2
1640,AL102005,2005,TEN,0,0
1641,AL112005,2005,JOSE,1,0
1642,AL122005,2005,KATRINA,3,5
1643,AL132005,2005,LEE,0,0
1644,AL142005,2005,MARIA,0,3
1645,AL152005,2005,NATE,0,1
1646,AL162005,2005,OPHELIA,1,1
1647,AL172005,2005,PHILIPPE,0,1
1648,AL182005,2005,RITA,1,5
1649,AL192005,2005,NINETEEN,0,0
1650,AL202005,2005,STAN,2,1
1651,AL212005,2005,UNNAMED,0,0
1652,AL222005,2005,TAMMY,1,0
1653,AL232005,2005,TWENTY-TWO,0,0
1654,AL242005,2005,VINCE,1,1
1655,AL252005,2005,WILMA,3,5
1656,AL262005,2005,ALPHA,1,0
1657,AL272005,2005,BETA,1,3
1658,AL282005,2005,GAMMA,0,0
1659,AL292005,2005,DELTA,0,0
1660,AL302005,2005,EPSILON,0,1
1661,AL312005,2005,ZETA,0,0
1662,AL012006,2006,ALBERTO,1,0
1663,AL022006,2006,UNNAMED,0,0
1664,AL032006,2006,BERYL,1,0
1665,AL042006,2006,CHRIS,0,0
1666,AL052006,2006,DEBBY,0,0
1667,AL062006,2006,ERNESTO,4,1
1668,AL072006,2006,FLORENCE,0,1
1669,AL082006,2006,GORDON,0,3
1670,AL092006,2006,HELENE,0,3
1671,AL102006,2006,ISAAC,0,1
1672,AL012007,2007,ANDREA,0,1
1673,AL022007,2007,BARRY,1,0
1674,AL032007,2007,CHANTAL,0,0
1675,AL042007,2007,DEAN,2,5
1676,AL052007,2007,ERIN,1,0
1677,AL062007,2007,FELIX,2,5
1678,AL072007,2007,GABRIELLE,1,0
1679,AL082007,2007,INGRID,0,0
1680,AL092007,2007,HUMBERTO,1,1
1681,AL102007,2007,TEN,1,0
1682,AL112007,2007,JERRY,0,0
1683,AL122007,2007,KAREN,0,1
1684,AL132007,2007,LORENZO,1,1
1685,AL142007,2007,MELISSA,0,0
1686,AL152007,2007,FIFTEEN,0,0
1687,AL162007,2007,NOEL,4,1
1688,AL172007,2007,OLGA,2,0
1689,AL012008,2008,ARTHUR,1,0
1690,AL022008,2008,BERTHA,0,3
1691,AL032008,2008,CRISTOBAL,0,0
1692,AL042008,2008,DOLLY,3,2
1693,AL052008,2008,EDOUARD,1,0
1694,AL062008,2008,FAY,7,0
1695,AL072008,2008,GUSTAV,6,4
1696,AL082008,2008,HANNA,3,1
1697,AL092008,2008,IKE,4,4
1698,AL102008,2008,JOSEPHINE,0,0
1699,AL112008,2008,KYLE,1,1
1700,AL122008,2008,LAURA,0,1
1701,AL132008,2008,MARCO,1,0
1702,AL142008,2008,NANA,0,0
1703,AL152008,2008,OMAR,0,4
1704,AL162008,2008,SIXTEEN,1,0
1705,AL172008,2008,PALOMA,1,4
1706,AL012009,2009,ONE,0,0
1707,AL022009,2009,ANA,0,0
1708,AL032009,2009,BILL,1,4
1709,AL042009,2009,CLAUDETTE,1,0
1710,AL052009,2009,DANNY,0,0
1711,AL062009,2009,ERIKA,1,0
1712,AL072009,2009,FRED,0,3
1713,AL082009,2009,EIGHT,0,0
1714,AL092009,2009,GRACE,0,0
1715,AL102009,2009,HENRI,0,0
1716,AL112009,2009,IDA,1,2
1717,AL012010,2010,ALEX,2,2
1718,AL022010,2010,TWO,1,0
1719,AL032010,2010,BONNIE,3,0
1720,AL042010,2010,COLIN,0,0
1721,AL052010,2010,FIVE,0,0
1722,AL062010,2010,DANIELLE,0,4
1723,AL072010,2010,EARL,2,4
1724,AL082010,2010,FIONA,0,0
1725,AL092010,2010,GASTON,0,0
1726,AL102010,2010,HERMINE,1,0
1727,AL112010,2010,IGOR,1,4
1728,AL122010,2010,JULIA,0,4
1729,AL132010,2010,KARL,2,3
1730,AL142010,2010,LISA,0,1
1731,AL152010,2010,MATTHEW,2,0
1732,AL162010,2010,NICOLE,0,0
1733,AL172010,2010,OTTO,0,1
1734,AL182010,2010,PAULA,2,2
1735,AL192010,2010,RICHARD,1,2
1736,AL202010,2010,SHARY,0,1
1737,AL212010,2010,TOMAS,3,2
1738,AL012011,2011,ARLENE,1,0
1739,AL022011,2011,BRET,0,0
1740,AL032011,2011,CINDY,0,0
1741,AL042011,2011,DON,1,0
1742,AL052011,2011,EMILY,0,0
1743,AL062011,2011,FRANKLIN,0,0
1744,AL072011,2011,GERT,0,0
1745,AL082011,2011,HARVEY,2,0
1746,AL092011,2011,IRENE,9,3
1747,AL102011,2011,TEN,0,0
1748,AL112011,2011,JOSE,0,0
1749,AL122011,2011,KATIA,0,4
1750,AL202011,2011,UNNAMED,0,0
1751,AL132011,2011,LEE,1,0
1752,AL142011,2011,MARIA,1,1
1753,AL152011,2011,NATE,1,1
1754,AL162011,2011,OPHELIA,0,4
1755,AL172011,2011,PHILIPPE,0,1
1756,AL182011,2011,RINA,1,3
1757,AL192011,2011,SEAN,0,0
1758,AL012012,2012,ALBERTO,0,0
1759,AL022012,2012,BERYL,1,0
1760,AL032012,2012,CHRIS,0,1
1761,AL042012,2012,DEBBY,1,0
1762,AL052012,2012,ERNESTO,3,2
1763,AL062012,2012,FLORENCE,0,0
1764,AL072012,2012,HELENE,1,0
1765,AL082012,2012,GORDON,1,2
1766,AL092012,2012,ISAAC,4,1
1767,AL102012,2012,JOYCE,0,0
1768,AL112012,2012,KIRK,0,2
1769,AL122012,2012,LESLIE,0,1
1770,AL132012,2012,MICHAEL,0,3
1771,AL142012,2012,NADINE,0,1
1772,AL152012,2012,OSCAR,0,0
1773,AL162012,2012,PATTY,0,0
1774,AL172012,2012,RAFAEL,0,1
1775,AL182012,2012,SANDY,3,3
1776,AL192012,2012,TONY,0,0
1777,AL012013,2013,ANDREA,1,0
1778,AL022013,2013,BARRY,2,0
1779,AL032013,2013,CHANTAL,0,0
1780,AL042013,2013,DORIAN,0,0
1781,AL052013,2013,ERIN,0,0
1782,AL062013,2013,FERNAND,1,0
1783,AL072013,2013,GABRIELLE,0,0
1784,AL082013,2013,EIGHT,0,0
1785,AL092013,2013,HUMBERTO,0,1
1786,AL102013,2013,INGRID,1,1
1787,AL112013,2013,JERRY,0,0
1788,AL122013,2013,KAREN,0,0
1789,AL132013,2013,LORENZO,0,0
1790,AL142013,2013,MELISSA,0,0
1791,AL152013,2013,UNNAMED,0,0
1792,AL012014,2014,ARTHUR,2,2
1793,AL022014,2014,TWO,0,0
1794,AL032014,2014,BERTHA,1,1
1795,AL042014,2014,CRISTOBAL,0,1
1796,AL052014,2014,DOLLY,1,0
1797,AL062014,2014,EDOUARD,0,3
1798,AL072014,2014,FAY,1,1
1799,AL082014,2014,GONZALO,4,4
1800,AL092014,2014,HANNA,1,0
1801,AL012015,2015,ANA,1,0
1802,AL022015,2015,BILL,1,0
1803,AL032015,2015,CLAUDETTE,0,0
1804,AL042015,2015,DANNY,0,3
1805,AL052015,2015,ERIKA,0,0
1806,AL062015,2015,FRED,0,1
1807,AL072015,2015,GRACE,0,0
1808,AL082015,2015,HENRI,0,0
1809,AL092015,2015,NINE,0,0
1810,AL102015,2015,IDA,0,0
1811,AL112015,2015,JOAQUIN,3,4
1812,AL122015,2015,KATE,0,1
1813,AL012016,2016,ALEX,1,1
1814,AL022016,2016,BONNIE,1,0
1815,AL032016,2016,COLIN,1,0
1816,AL042016,2016,DANIELLE,1,0
1817,AL052016,2016,EARL,3,1
1818,AL062016,2016,FIONA,0,0
1819,AL072016,2016,GASTON,0,3
1820,AL082016,2016,EIGHT,0,0
1821,AL092016,2016,HERMINE,1,1
1822,AL102016,2016,IAN,1,0
1823,AL112016,2016,JULIA,0,0
1824,AL122016,2016,KARL,0,0
1825,AL132016,2016,LISA,0,0
1826,AL142016,2016,MATTHEW,4,5
1827,AL152016,2016,NICOLE,0,4
1828,AL162016,2016,OTTO,1,3
1829,AL012017,2017,ARLENE,0,0
1830,AL022017,2017,BRET,2,0
1831,AL032017,2017,CINDY,1,0
1832,AL042017,2017,FOUR,0,0
1833,AL052017,2017,DON,0,0
1834,AL062017,2017,EMILY,1,0
1835,AL072017,2017,FRANKLIN,2,1
1836,AL082017,2017,GERT,0,2
1837,AL092017,2017,HARVEY,5,4
1838,AL112017,2017,IRMA,7,5
1839,AL122017,2017,JOSE,0,4
1840,AL132017,2017,KATIA,1,2
1841,AL142017,2017,LEE,0,3
1842,AL152017,2017,MARIA,2,5
1843,AL162017,2017,NATE,3,1
1844,AL172017,2017,OPHELIA,1,3
1845,AL182017,2017,PHILIPPE,1,0
1846,AL192017,2017,RINA,0,0
1847,AL012018,2018,ALBERTO,1,0
1848,AL022018,2018,BERYL,0,1
1849,AL032018,2018,CHRIS,0,2
1850,AL042018,2018,DEBBY,0,0
1851,AL052018,2018,ERNESTO,0,0
1852,AL062018,2018,FLORENCE,1,4
1853,AL072018,2018,GORDON,3,0
1854,AL082018,2018,HELENE,0,2
1855,AL092018,2018,ISAAC,0,1
1856,AL102018,2018,JOYCE,0,0
1857,AL112018,2018,ELEVEN,0,0
1858,AL122018,2018,KIRK,1,0
1859,AL132018,2018,LESLIE,0,1
1860,AL142018,2018,MICHAEL,1,5
1861,AL152018,2018,NADINE,0,0
1862,AL162018,2018,OSCAR,0,2
1863,AL012019,2019,ANDREA,0,0
1864,AL022019,2019,BARRY,1,1
1865,AL032019,2019,THREE,0,0
1866,AL042019,2019,CHANTAL,0,0
1867,AL052019,2019,DORIAN,7,5
1868,AL062019,2019,ERIN,0,0
1869,AL072019,2019,FERNAND,1,0
1870,AL082019,2019,GABRIELLE,0,0
1871,AL092019,2019,HUMBERTO,0,3
1872,AL102019,2019,JERRY,0,2
1873,AL112019,2019,IMELDA,1,0
1874,AL122019,2019,KAREN,2,0
1875,AL132019,2019,LORENZO,0,5
1876,AL142019,2019,MELISSA,0,0
1877,AL152019,2019,FIFTEEN,0,0
1878,AL162019,2019,NESTOR,0,0
1879,AL172019,2019,OLGA,0,0
1880,AL182019,2019,PABLO,0,1
1881,AL192019,2019,REBEKAH,0,1
1882,AL202019,2019,SEBASTIEN,0,0
1883,AL012020,2020,ARTHUR,0,0
1884,AL022020,2020,BERTHA,1,0
1885,AL032020,2020,CRISTOBAL,2,0
1886,AL042020,2020,DOLLY,0,0
1887,AL052020,2020,EDOUARD,0,0
1888,AL062020,2020,FAY,1,0
1889,AL072020,2020,GONZALO,1,0
1890,AL082020,2020,HANNA,2,1
1891,AL092020,2020,ISAIAS,4,1
1892,AL102020,2020,TEN,0,0
1893,AL112020,2020,JOSEPHINE,0,0
1894,AL122020,2020,KYLE,0,0
1895,AL132020,2020,LAURA,6,4
1896,AL142020,2020,MARCO,0,1
1897,AL152020,2020,OMAR,0,0
1898,AL162020,2020,NANA,1,1
1899,AL172020,2020,PAULETTE,1,2
1900,AL182020,2020,RENE,0,0
1901,AL192020,2020,SALLY,2,2
1902,AL202020,2020,TEDDY,0,4
1903,AL212020,2020,VICKY,0,0
1904,AL222020,2020,BETA,1,0
1905,AL232020,2020,WILFRED,0,0
1906,AL242020,2020,ALPHA,1,0
1907,AL252020,2020,GAMMA,2,1
1908,AL262020,2020,DELTA,2,4
1909,AL272020,2020,EPSILON,0,3
1910,AL282020,2020,ZETA,2,3
1911,AL292020,2020,ETA,4,4
1912,AL302020,2020,THETA,0,0
1913,AL312020,2020,IOTA,1,4
1914,AL012021,2021,ANA,0,0
1915,AL022021,2021,BILL,0,0
1916,AL032021,2021,CLAUDETTE,1,0
1917,AL042021,2021,DANNY,1,0
1918,AL052021,2021,ELSA,4,1
1919,AL062021,2021,FRED,2,0
1920,AL072021,2021,GRACE,4,3
1921,AL082021,2021,HENRI,2,1
1922,AL092021,2021,IDA,3,4
1923,AL102021,2021,KATE,0,0
1924,AL112021,2021,JULIAN,0,0
1925,AL122021,2021,LARRY,1,3
1926,AL132021,2021,MINDY,1,0
1927,AL142021,2021,NICHOLAS,1,1
1928,AL152021,2021,ODETTE,0,0
1929,AL162021,2021,PETER,0,0
1930,AL172021,2021,ROSE,0,0
1931,AL182021,2021,SAM,0,4
1932,AL192021,2021,TERESA,0,0
1933,AL202021,2021,VICTOR,0,0
1934,AL212021,2021,WANDA,0,0
1935,AL012022,2022,ALEX,0,0
1936,AL022022,2022,BONNIE,1,3
1937,AL032022,2022,COLIN,0,0
1938,AL052022,2022,DANIELLE,0,1
1939,AL062022,2022,EARL,0,2
1940,AL072022,2022,FIONA,6,4
1941,AL082022,2022,GASTON,0,0
1942,AL092022,2022,IAN,5,5
1943,AL102022,2022,HERMINE,0,0
1944,AL112022,2022,ELEVEN,0,0
1945,AL122022,2022,TWELVE,0,0
1946,AL132022,2022,JULIA,4,1
1947,AL142022,2022,KARL,0,0
1948,AL152022,2022,LISA,1,1
1949,AL162022,2022,MARTIN,0,1
1950,AL172022,2022,NICOLE,5,1
